fecha,empresa,precio_apertura,precio_max,precio_min,precio_cierre,volumen
2023-01-02,TECH,120.0,124.76,116.94,122.58,1444813
2023-01-03,TECH,122.58,126.8,121.78,125.11,2098847
2023-01-04,TECH,125.11,126.58,124.89,125.89,1070456
2023-01-05,TECH,125.89,126.37,123.09,123.81,2008620
2023-01-06,TECH,123.81,129.35,123.78,127.06,2053483
2023-01-09,TECH,127.06,128.1,124.71,124.81,1612572
2023-01-10,TECH,124.81,126.97,120.44,120.87,1155124
2023-01-11,TECH,120.87,124.33,120.5,123.84,1583377
2023-01-12,TECH,123.84,126.3,122.5,126.11,1289634
2023-01-13,TECH,126.11,126.97,124.84,125.59,1514353
2023-01-16,TECH,125.59,128.1,123.02,123.47,1453480
2023-01-17,TECH,123.47,126.67,123.29,124.49,1781273
2023-01-18,TECH,124.49,126.62,123.5,124.79,1908255
2023-01-19,TECH,124.79,124.81,122.37,124.24,890819
2023-01-20,TECH,124.24,125.02,122.74,123.32,1616809
2023-01-23,TECH,123.32,125.88,122.61,125.76,2079149
2023-01-24,TECH,125.76,126.7,120.37,122.68,1672657
2023-01-25,TECH,122.68,123.9,121.36,123.23,1475267
2023-01-26,TECH,123.23,123.35,121.16,122.27,1718210
2023-01-27,TECH,122.27,122.64,119.32,119.79,2007154
2023-01-30,TECH,119.79,120.29,114.88,116.25,1236663
2023-01-31,TECH,116.25,116.58,113.08,113.41,1833901
2023-02-01,TECH,113.41,113.63,110.63,111.37,1914288
2023-02-02,TECH,111.37,112.96,107.97,108.95,894979
2023-02-03,TECH,108.95,109.12,106.57,106.91,1676182
2023-02-06,TECH,106.91,108.35,106.64,108.01,2225631
2023-02-07,TECH,108.01,109.88,102.75,103.27,997913
2023-02-08,TECH,103.27,104.09,97.3,98.03,520580
2023-02-09,TECH,98.03,101.05,96.82,99.75,1296663
2023-02-10,TECH,99.75,101.2,99.54,100.08,1230329
2023-02-13,TECH,100.08,101.29,99.05,100.94,1830643
2023-02-14,TECH,100.94,105.14,99.1,103.48,1661896
2023-02-15,TECH,103.48,103.89,102.02,102.33,1572085
2023-02-16,TECH,102.33,104.83,101.85,104.25,1142472
2023-02-17,TECH,104.25,108.03,103.1,107.89,1630826
2023-02-20,TECH,107.89,110.84,107.66,110.67,1555125
2023-02-21,TECH,110.67,111.3,108.99,109.15,1453207
2023-02-22,TECH,109.15,111.72,106.0,107.05,1377600
2023-02-23,TECH,107.05,113.07,106.23,112.33,1764353
2023-02-24,TECH,112.33,113.94,110.17,111.91,1496833
2023-02-27,TECH,111.91,115.33,111.74,112.9,1238350
2023-02-28,TECH,112.9,115.17,112.0,114.97,1330585
2023-03-01,TECH,114.97,116.68,111.46,115.13,1646566
2023-03-02,TECH,115.13,116.3,115.08,115.48,1784171
2023-03-03,TECH,115.48,116.71,114.66,116.61,1599885
2023-03-06,TECH,116.61,119.18,114.73,118.98,1914941
2023-03-07,TECH,118.98,121.16,117.72,118.94,2008360
2023-03-08,TECH,118.94,123.83,118.94,123.64,1917592
2023-03-09,TECH,123.64,128.2,123.2,127.5,1913517
2023-03-10,TECH,127.5,129.92,127.41,128.52,1541684
2023-03-13,TECH,128.52,129.19,124.24,125.02,1844553
2023-03-14,TECH,125.02,126.01,120.01,121.64,2060890
2023-03-15,TECH,121.64,127.05,119.7,125.07,1908785
2023-03-16,TECH,125.07,129.67,124.51,127.65,1347133
2023-03-17,TECH,127.65,129.07,125.36,127.18,1610858
2023-03-20,TECH,127.18,127.98,123.71,123.75,1121809
2023-03-21,TECH,123.75,124.62,120.52,123.27,910567
2023-03-22,TECH,123.27,125.13,122.91,124.67,1033296
2023-03-23,TECH,124.67,124.75,122.39,123.24,1162795
2023-03-24,TECH,123.24,124.64,120.6,120.68,1347628
2023-03-27,TECH,120.68,121.47,117.06,118.94,1887751
2023-03-28,TECH,118.94,120.43,116.02,117.99,2128099
2023-03-29,TECH,117.99,121.9,115.76,120.88,983552
2023-03-30,TECH,120.88,122.64,120.57,122.29,1289821
2023-03-31,TECH,122.29,122.97,120.25,120.73,1498899
2023-04-03,TECH,120.73,121.67,119.33,121.39,2047310
2023-04-04,TECH,121.39,121.72,117.35,118.12,1801314
2023-04-05,TECH,118.12,119.03,114.83,115.64,1730265
2023-04-06,TECH,115.64,115.89,112.2,113.43,1657562
2023-04-07,TECH,113.43,117.4,112.49,115.64,1433398
2023-04-10,TECH,115.64,117.36,114.28,114.45,1599846
2023-04-11,TECH,114.45,116.21,111.76,111.94,1808444
2023-04-12,TECH,111.94,114.55,110.15,112.17,983732
2023-04-13,TECH,112.17,113.85,111.69,113.27,1613910
2023-04-14,TECH,113.27,114.92,113.07,113.88,842536
2023-04-17,TECH,113.88,115.77,111.16,112.37,2044799
2023-04-18,TECH,112.37,116.82,111.98,116.13,939045
2023-04-19,TECH,116.13,118.89,114.61,117.97,1342784
2023-04-20,TECH,117.97,118.66,116.71,116.94,1432405
2023-04-21,TECH,116.94,118.05,112.64,115.44,1526017
2023-04-24,TECH,115.44,116.59,113.19,113.86,1397378
2023-04-25,TECH,113.86,116.21,112.57,113.94,1035100
2023-04-26,TECH,113.94,116.45,111.11,116.14,1692758
2023-04-27,TECH,116.14,120.37,112.89,118.82,1561095
2023-04-28,TECH,118.82,121.53,118.54,120.8,779464
2023-05-01,TECH,120.8,121.19,119.11,119.8,1755889
2023-05-02,TECH,119.8,120.81,118.01,119.27,1226944
2023-05-03,TECH,119.27,119.95,118.86,119.24,1992258
2023-05-04,TECH,119.24,121.41,119.14,120.27,1144998
2023-05-05,TECH,120.27,121.99,116.35,118.0,1863765
2023-05-08,TECH,118.0,119.31,113.17,114.27,1354658
2023-05-09,TECH,114.27,118.06,113.94,115.47,1668759
2023-05-10,TECH,115.47,119.33,114.01,118.11,936236
2023-05-11,TECH,118.11,119.14,116.96,117.97,952325
2023-05-12,TECH,117.97,118.94,117.23,118.53,1460734
2023-05-15,TECH,118.53,118.58,118.13,118.22,1131095
2023-05-16,TECH,118.22,120.15,112.08,115.71,1966187
2023-05-17,TECH,115.71,115.8,110.7,112.09,871788
2023-05-18,TECH,112.09,112.49,110.2,111.16,1186237
2023-05-19,TECH,111.16,114.03,110.97,113.58,2209458
2023-05-22,TECH,113.58,115.69,111.03,111.82,2328386
2023-05-23,TECH,111.82,112.87,110.44,112.46,1147186
2023-05-24,TECH,112.46,117.46,111.74,115.93,1264154
2023-05-25,TECH,115.93,117.09,112.05,113.33,1762319
2023-05-26,TECH,113.33,113.85,110.87,111.68,1780349
2023-05-29,TECH,111.68,112.45,111.66,111.89,729798
2023-05-30,TECH,111.89,112.36,111.39,111.78,1598108
2023-05-31,TECH,111.78,113.15,110.37,110.56,1567298
2023-06-01,TECH,110.56,111.53,109.84,111.34,1803793
2023-06-02,TECH,111.34,113.6,110.32,112.8,1253485
2023-06-05,TECH,112.8,114.96,111.82,112.83,1030789
2023-06-06,TECH,112.83,113.9,110.42,111.3,1669746
2023-06-07,TECH,111.3,114.58,110.4,113.43,1371064
2023-06-08,TECH,113.43,119.14,112.71,117.19,1745342
2023-06-09,TECH,117.19,123.52,116.95,122.24,2015981
2023-06-12,TECH,122.24,125.29,120.39,124.04,1891014
2023-06-13,TECH,124.04,127.36,123.83,125.79,2026060
2023-06-14,TECH,125.79,128.08,125.45,127.07,2104148
2023-06-15,TECH,127.07,128.24,126.09,126.5,1112664
2023-06-16,TECH,126.5,131.96,125.56,130.31,1555551
2023-06-19,TECH,130.31,132.67,126.53,126.69,1326365
2023-06-20,TECH,126.69,127.32,123.18,126.02,1329050
2023-06-21,TECH,126.02,132.52,125.88,132.22,412039
2023-06-22,TECH,132.22,132.54,127.49,128.17,1156179
2023-06-23,TECH,128.17,130.05,127.4,128.93,837159
2023-06-26,TECH,128.93,129.37,126.05,126.36,1795395
2023-06-27,TECH,126.36,126.37,123.6,123.97,1498074
2023-06-28,TECH,123.97,128.24,123.33,126.65,1241174
2023-06-29,TECH,126.65,127.37,124.29,124.85,1417234
2023-06-30,TECH,124.85,126.24,122.06,123.55,1508697
2023-07-03,TECH,123.55,130.23,122.79,129.55,1626911
2023-07-04,TECH,129.55,132.1,128.65,129.1,1096765
2023-07-05,TECH,129.1,129.3,124.57,125.87,1137238
2023-07-06,TECH,125.87,127.57,123.48,123.65,814569
2023-07-07,TECH,123.65,132.89,121.89,129.27,1513101
2023-07-10,TECH,129.27,130.81,128.93,130.33,1561753
2023-07-11,TECH,130.33,131.42,130.03,130.67,1456523
2023-07-12,TECH,130.67,131.82,130.1,130.34,1727822
2023-07-13,TECH,130.34,135.04,128.76,134.52,1329832
2023-07-14,TECH,134.52,136.03,134.2,135.33,1695647
2023-07-17,TECH,135.33,139.65,134.43,139.22,1633685
2023-07-18,TECH,139.22,139.23,133.62,135.23,1495729
2023-07-19,TECH,135.23,137.29,133.6,136.76,1702510
2023-07-20,TECH,136.76,141.95,136.04,137.37,1782232
2023-07-21,TECH,137.37,138.41,135.79,137.01,1139793
2023-07-24,TECH,137.01,137.91,135.33,136.07,1556539
2023-07-25,TECH,136.07,137.75,135.21,135.98,1335908
2023-07-26,TECH,135.98,137.4,134.04,134.14,1221437
2023-07-27,TECH,134.14,134.66,128.69,130.31,1351626
2023-07-28,TECH,130.31,132.67,129.54,132.16,1091743
2023-07-31,TECH,132.16,135.79,131.5,133.45,998135
2023-08-01,TECH,133.45,136.23,133.25,135.61,1896366
2023-08-02,TECH,135.61,135.62,132.3,132.79,1682162
2023-08-03,TECH,132.79,134.93,132.58,134.61,1318669
2023-08-04,TECH,134.61,136.54,134.5,136.16,1555903
2023-08-07,TECH,136.16,137.76,132.16,132.4,1476145
2023-08-08,TECH,132.4,139.01,132.17,135.66,1919965
2023-08-09,TECH,135.66,136.87,135.64,135.86,1464375
2023-08-10,TECH,135.86,140.1,132.78,138.27,1677621
2023-08-11,TECH,138.27,138.69,137.92,138.58,1737370
2023-08-14,TECH,138.58,139.19,136.88,137.27,1032012
2023-08-15,TECH,137.27,137.61,135.73,136.84,1904577
2023-08-16,TECH,136.84,137.9,134.07,136.01,903567
2023-08-17,TECH,136.01,136.78,132.15,132.42,1698548
2023-08-18,TECH,132.42,137.67,131.3,136.99,1392835
2023-08-21,TECH,136.99,137.62,134.93,135.26,1925714
2023-08-22,TECH,135.26,137.31,134.56,136.14,819375
2023-08-23,TECH,136.14,136.58,134.0,135.2,1081464
2023-08-24,TECH,135.2,136.32,132.75,135.76,1439754
2023-08-25,TECH,135.76,138.04,134.5,137.54,1654779
2023-08-28,TECH,137.54,139.16,137.32,138.46,1687162
2023-08-29,TECH,138.46,140.29,138.22,138.59,1659980
2023-08-30,TECH,138.59,142.95,137.24,141.76,1779020
2023-08-31,TECH,141.76,142.67,136.17,137.28,2108186
2023-09-01,TECH,137.28,139.64,136.44,139.22,1995925
2023-09-04,TECH,139.22,139.88,137.07,138.6,1382922
2023-09-05,TECH,138.6,142.93,137.79,140.17,826620
2023-09-06,TECH,140.17,141.82,139.49,141.4,2428805
2023-09-07,TECH,141.4,142.07,133.96,134.47,1807756
2023-09-08,TECH,134.47,135.57,133.82,135.41,1223283
2023-09-11,TECH,135.41,138.5,133.93,136.47,1278383
2023-09-12,TECH,136.47,139.44,135.81,137.84,1416483
2023-09-13,TECH,137.84,141.84,137.13,140.09,1552212
2023-09-14,TECH,140.09,142.99,138.31,140.9,1748888
2023-09-15,TECH,140.9,142.63,140.48,140.98,1244907
2023-09-18,TECH,140.98,145.55,139.5,144.24,1329736
2023-09-19,TECH,144.24,148.8,143.19,146.35,1578837
2023-09-20,TECH,146.35,148.57,143.76,143.84,1827518
2023-09-21,TECH,143.84,144.28,143.2,144.03,1344833
2023-09-22,TECH,144.03,148.52,142.25,146.85,1933460
2023-09-25,TECH,146.85,149.51,145.78,149.02,2088036
2023-09-26,TECH,149.02,157.52,148.73,154.94,2054686
2023-09-27,TECH,154.94,156.41,148.85,149.99,1914174
2023-09-28,TECH,149.99,152.24,145.57,147.54,1607504
2023-09-29,TECH,147.54,148.11,142.46,143.59,898493
2023-10-02,TECH,143.59,147.03,139.74,141.76,1381479
2023-10-03,TECH,141.76,143.86,140.39,142.47,1117895
2023-10-04,TECH,142.47,145.53,140.7,145.11,1040151
2023-10-05,TECH,145.11,146.46,144.69,144.87,1050883
2023-10-06,TECH,144.87,148.03,143.75,145.28,1805571
2023-10-09,TECH,145.28,148.48,144.29,147.9,893737
2023-10-10,TECH,147.9,149.42,142.68,146.0,1674739
2023-10-11,TECH,146.0,147.42,141.64,143.34,1928855
2023-10-12,TECH,143.34,143.52,137.98,139.9,2056481
2023-10-13,TECH,139.9,140.16,137.84,138.47,1058631
2023-10-16,TECH,138.47,139.43,132.4,134.0,1929181
2023-10-17,TECH,134.0,136.89,131.35,135.29,1074529
2023-10-18,TECH,135.29,136.69,134.03,135.35,1508607
2023-10-19,TECH,135.35,138.29,130.31,130.41,995448
2023-10-20,TECH,130.41,133.48,126.64,127.55,742387
2023-10-23,TECH,127.55,129.61,126.75,127.39,1984162
2023-10-24,TECH,127.39,127.74,126.42,127.72,1660063
2023-10-25,TECH,127.72,133.06,126.15,130.98,1477496
2023-10-26,TECH,130.98,131.61,127.46,128.0,1451017
2023-10-27,TECH,128.0,131.8,125.74,129.96,1220096
2023-10-30,TECH,129.96,133.15,129.84,132.58,1210509
2023-10-31,TECH,132.58,134.01,131.52,132.37,1233250
2023-11-01,TECH,132.37,134.14,132.27,133.37,2048763
2023-11-02,TECH,133.37,135.18,130.37,133.81,1951717
2023-11-03,TECH,133.81,134.2,132.76,133.32,2028902
2023-11-06,TECH,133.32,137.43,132.95,136.1,1410106
2023-11-07,TECH,136.1,138.0,135.58,136.9,1933138
2023-11-08,TECH,136.9,139.21,135.73,138.97,1155407
2023-11-09,TECH,138.97,139.51,136.44,137.07,1702936
2023-11-10,TECH,137.07,140.16,135.76,138.74,1422036
2023-11-13,TECH,138.74,141.43,137.83,140.3,1227568
2023-11-14,TECH,140.3,144.6,139.65,143.6,1393225
2023-11-15,TECH,143.6,143.62,140.51,140.97,1705347
2023-11-16,TECH,140.97,143.68,139.19,143.5,1373080
2023-11-17,TECH,143.5,144.69,140.97,144.57,986286
2023-11-20,TECH,144.57,144.8,142.67,143.15,2012519
2023-11-21,TECH,143.15,143.65,142.68,143.19,1017918
2023-11-22,TECH,143.19,144.63,142.63,142.71,1220010
2023-11-23,TECH,142.71,145.4,140.02,141.56,2487862
2023-11-24,TECH,141.56,142.39,140.43,142.12,1481207
2023-11-27,TECH,142.12,142.22,136.39,137.18,960113
2023-11-28,TECH,137.18,138.44,131.69,132.26,1476210
2023-11-29,TECH,132.26,132.36,127.6,127.96,2370800
2023-11-30,TECH,127.96,130.03,127.02,128.88,1492238
2023-12-01,TECH,128.88,129.97,126.41,127.02,1403709
2023-12-04,TECH,127.02,130.77,126.5,130.72,1012128
2023-12-05,TECH,130.72,131.57,127.26,128.14,2002632
2023-12-06,TECH,128.14,129.28,123.67,126.08,820018
2023-12-07,TECH,126.08,126.73,124.09,124.83,1046108
2023-12-08,TECH,124.83,130.81,122.44,130.21,1860128
2023-12-11,TECH,130.21,130.29,128.03,129.01,1139284
2023-12-12,TECH,129.01,129.15,126.14,127.2,973757
2023-12-13,TECH,127.2,131.37,125.77,130.9,1515086
2023-12-14,TECH,130.9,134.04,129.78,132.42,1947276
2023-12-15,TECH,132.42,133.38,128.59,132.09,1902257
2023-12-18,TECH,132.09,134.19,131.25,132.03,1310157
2023-12-19,TECH,132.03,133.28,131.59,132.2,1912889
2023-12-20,TECH,132.2,133.79,128.5,132.4,1998901
2023-12-21,TECH,132.4,136.06,131.55,134.12,1938215
2023-12-22,TECH,134.12,135.54,130.84,133.74,1235404
2023-12-25,TECH,133.74,134.47,130.31,131.35,1122941
2023-12-26,TECH,131.35,137.25,130.67,135.31,1944536
2023-12-27,TECH,135.31,136.52,134.43,134.67,1274097
2023-12-28,TECH,134.67,134.99,132.58,132.62,2751912
2023-12-29,TECH,132.62,136.43,131.85,136.15,2179948
2024-01-01,TECH,136.15,139.57,135.12,139.46,2218354
2024-01-02,TECH,139.46,139.94,137.52,139.56,1586771
2024-01-03,TECH,139.56,143.68,139.26,143.31,1433803
2024-01-04,TECH,143.31,151.59,143.07,149.46,1154781
2024-01-05,TECH,149.46,151.37,146.19,147.38,1987465
2024-01-08,TECH,147.38,152.71,145.57,151.72,1305328
2024-01-09,TECH,151.72,156.86,148.47,156.73,1834462
2024-01-10,TECH,156.73,157.67,155.75,156.36,974264
2024-01-11,TECH,156.36,160.61,155.28,159.57,582961
2024-01-12,TECH,159.57,161.42,154.81,155.85,1254770
2024-01-15,TECH,155.85,155.86,153.73,154.45,1645889
2024-01-16,TECH,154.45,156.83,152.51,155.41,1631618
2024-01-17,TECH,155.41,158.66,152.32,154.55,1330718
2024-01-18,TECH,154.55,160.3,152.89,157.5,1386653
2024-01-19,TECH,157.5,160.12,157.47,158.35,1992934
2024-01-22,TECH,158.35,160.52,150.31,153.27,1949654
2024-01-23,TECH,153.27,153.9,148.6,149.97,1452103
2024-01-24,TECH,149.97,150.2,148.73,148.94,2126293
2024-01-25,TECH,148.94,149.15,145.92,146.09,1120323
2024-01-26,TECH,146.09,151.12,144.41,148.48,2458462
2024-01-29,TECH,148.48,148.68,144.02,147.95,1504248
2024-01-30,TECH,147.95,148.41,146.58,147.48,1408255
2024-01-31,TECH,147.48,149.51,145.73,148.46,1523246
2024-02-01,TECH,148.46,151.05,148.38,150.09,1182616
2024-02-02,TECH,150.09,150.58,148.13,150.12,1611788
2024-02-05,TECH,150.12,151.85,148.97,149.49,1719045
2024-02-06,TECH,149.49,156.77,148.87,153.89,1700611
2024-02-07,TECH,153.89,157.9,152.24,157.37,1282741
2024-02-08,TECH,157.37,158.69,155.41,157.16,964835
2024-02-09,TECH,157.16,165.15,156.7,165.11,1758212
2024-02-12,TECH,165.11,165.52,164.8,165.21,1180382
2024-02-13,TECH,165.21,166.67,162.87,163.83,1053752
2024-02-14,TECH,163.83,169.44,161.19,168.73,1777728
2024-02-15,TECH,168.73,171.46,167.06,170.94,1975813
2024-02-16,TECH,170.94,173.36,170.55,172.76,1648361
2024-02-19,TECH,172.76,181.42,172.23,180.52,1957873
2024-02-20,TECH,180.52,184.87,180.36,183.49,1360367
2024-02-21,TECH,183.49,183.79,176.58,178.35,1626559
2024-02-22,TECH,178.35,183.35,177.14,182.49,1727121
2024-02-23,TECH,182.49,184.82,175.71,176.34,2170695
2024-02-26,TECH,176.34,178.03,170.89,171.63,1396320
2024-02-27,TECH,171.63,173.82,165.46,166.25,1170266
2024-02-28,TECH,166.25,171.94,163.77,169.18,1339135
2024-02-29,TECH,169.18,177.0,166.88,175.11,1648335
2024-03-01,TECH,175.11,184.92,174.47,181.01,1933635
2024-03-04,TECH,181.01,182.17,177.94,179.3,861814
2024-03-05,TECH,179.3,183.66,179.12,181.41,874993
2024-03-06,TECH,181.41,187.33,180.37,187.29,1150040
2024-03-07,TECH,187.29,189.37,184.22,187.06,967190
2024-03-08,TECH,187.06,187.88,178.51,179.3,1152225
2024-03-11,TECH,179.3,180.58,175.82,180.55,1014393
2024-03-12,TECH,180.55,182.32,177.24,181.49,1676443
2024-03-13,TECH,181.49,182.26,176.84,177.15,1109551
2024-03-14,TECH,177.15,178.8,175.01,178.59,1305731
2024-03-15,TECH,178.59,184.47,178.3,182.69,1347182
2024-03-18,TECH,182.69,183.95,180.42,183.68,1742728
2024-03-19,TECH,183.68,186.32,179.65,180.67,1779814
2024-03-20,TECH,180.67,180.93,178.4,179.5,1331563
2024-03-21,TECH,179.5,182.03,173.75,175.77,2174035
2024-03-22,TECH,175.77,180.07,173.47,178.42,1664689
2024-03-25,TECH,178.42,178.86,175.03,175.62,1193868
2024-03-26,TECH,175.62,176.1,174.89,175.47,1484638
2024-03-27,TECH,175.47,178.53,174.81,178.32,982259
2024-03-28,TECH,178.32,179.16,177.77,178.16,1820839
2024-03-29,TECH,178.16,181.4,177.14,181.33,1558881
2024-04-01,TECH,181.33,183.06,178.76,182.59,1629305
2024-04-02,TECH,182.59,183.17,178.26,179.01,1565274
2024-04-03,TECH,179.01,183.44,178.43,183.41,1147611
2024-04-04,TECH,183.41,183.81,183.0,183.12,1432559
2024-04-05,TECH,183.12,184.59,173.35,174.56,668224
2024-04-08,TECH,174.56,177.32,173.28,175.54,1786044
2024-04-09,TECH,175.54,176.43,171.64,174.99,1675939
2024-04-10,TECH,174.99,180.93,173.34,180.84,1836502
2024-04-11,TECH,180.84,186.06,176.51,183.87,1634205
2024-04-12,TECH,183.87,184.47,179.68,182.85,2067543
2024-04-15,TECH,182.85,183.44,181.24,181.65,816740
2024-04-16,TECH,181.65,184.01,179.39,180.71,1621351
2024-04-17,TECH,180.71,187.66,179.32,184.63,1940652
2024-04-18,TECH,184.63,188.6,182.71,187.46,1828077
2024-04-19,TECH,187.46,188.51,183.2,184.16,1664596
2024-04-22,TECH,184.16,187.04,181.15,183.01,1732624
2024-04-23,TECH,183.01,183.95,179.14,180.96,1191394
2024-04-24,TECH,180.96,182.7,174.63,175.34,1901207
2024-04-25,TECH,175.34,181.67,174.8,179.68,2115186
2024-04-26,TECH,179.68,186.43,178.84,184.3,1221940
2024-04-29,TECH,184.3,186.7,183.51,184.29,2173328
2024-04-30,TECH,184.29,188.63,181.04,187.04,2037365
2024-05-01,TECH,187.04,193.34,184.55,190.53,1002498
2024-05-02,TECH,190.53,190.94,184.9,187.16,1252230
2024-05-03,TECH,187.16,187.26,180.6,181.47,2130042
2024-05-06,TECH,181.47,183.12,172.08,173.38,475723
2024-05-07,TECH,173.38,173.67,169.48,170.25,1538878
2024-05-08,TECH,170.25,173.14,169.03,172.67,2194743
2024-05-09,TECH,172.67,175.35,171.7,174.0,1475529
2024-05-10,TECH,174.0,174.97,170.43,172.87,1176928
2024-05-13,TECH,172.87,176.15,167.88,168.81,1645121
2024-05-14,TECH,168.81,170.57,167.16,168.37,2151974
2024-05-15,TECH,168.37,169.91,165.07,165.76,1727163
2024-05-16,TECH,165.76,166.02,164.49,164.5,1092440
2024-05-17,TECH,164.5,170.54,164.11,169.27,2229257
2024-05-20,TECH,169.27,175.48,168.3,174.55,1934967
2024-05-21,TECH,174.55,178.23,167.0,168.02,1413562
2024-05-22,TECH,168.02,171.67,166.72,168.03,2161438
2024-05-23,TECH,168.03,170.85,166.46,167.72,993678
2024-05-24,TECH,167.72,173.22,164.69,169.9,1785536
2024-05-27,TECH,169.9,172.15,169.83,172.11,913451
2024-05-28,TECH,172.11,175.98,171.88,175.89,2967780
2024-05-29,TECH,175.89,177.29,172.21,177.2,1654773
2024-05-30,TECH,177.2,180.1,175.85,175.91,1225178
2024-05-31,TECH,175.91,176.15,173.31,175.15,2064111
2024-06-03,TECH,175.15,177.59,170.57,171.43,1368391
2024-06-04,TECH,171.43,174.48,161.78,162.96,1464181
2024-06-05,TECH,162.96,164.77,162.62,162.87,357925
2024-06-06,TECH,162.87,164.42,162.45,164.25,1571823
2024-06-07,TECH,164.25,168.6,160.23,167.59,1605793
2024-06-10,TECH,167.59,167.97,162.98,165.63,1485594
2024-06-11,TECH,165.63,167.07,162.07,163.62,1665491
2024-06-12,TECH,163.62,164.46,160.16,160.88,2468248
2024-06-13,TECH,160.88,160.99,159.92,160.92,1039507
2024-06-14,TECH,160.92,162.37,160.1,161.02,1682270
2024-06-17,TECH,161.02,161.26,155.05,157.51,2626883
2024-06-18,TECH,157.51,161.77,157.0,161.1,1481368
2024-06-19,TECH,161.1,170.6,160.95,168.54,882012
2024-06-20,TECH,168.54,168.82,165.9,167.65,1875944
2024-06-21,TECH,167.65,169.13,167.17,168.88,2213630
2024-06-24,TECH,168.88,170.67,167.81,168.99,1562790
2024-06-25,TECH,168.99,171.47,165.0,166.77,1264291
2024-06-26,TECH,166.77,167.11,166.49,166.76,1473409
2024-06-27,TECH,166.76,166.99,158.27,158.49,1370302
2024-06-28,TECH,158.49,162.29,155.69,158.61,1835293
2024-07-01,TECH,158.61,164.5,158.55,163.95,1728275
2024-07-02,TECH,163.95,168.86,160.74,167.3,1487516
2024-07-03,TECH,167.3,173.19,166.2,172.27,1148640
2024-07-04,TECH,172.27,177.81,169.81,177.04,771344
2024-07-05,TECH,177.04,184.1,176.07,183.95,1656796
2024-07-08,TECH,183.95,184.89,177.22,178.16,1497813
2024-07-09,TECH,178.16,179.17,172.64,172.91,1986299
2024-07-10,TECH,172.91,177.73,171.27,175.77,2172562
2024-07-11,TECH,175.77,179.33,174.32,178.85,1361211
2024-07-12,TECH,178.85,186.81,174.52,185.09,1896709
2024-07-15,TECH,185.09,185.11,182.44,183.03,1978437
2024-07-16,TECH,183.03,184.23,180.64,181.95,2241383
2024-07-17,TECH,181.95,188.35,181.21,187.83,1495581
2024-07-18,TECH,187.83,191.85,184.73,190.42,1652866
2024-07-19,TECH,190.42,192.26,180.43,180.8,2510942
2024-07-22,TECH,180.8,187.64,178.88,187.06,1505087
2024-07-23,TECH,187.06,188.28,186.69,187.57,1809847
2024-07-24,TECH,187.57,189.64,185.67,186.02,884086
2024-07-25,TECH,186.02,188.24,184.08,184.41,1002381
2024-07-26,TECH,184.41,185.01,184.05,184.17,1884815
2024-07-29,TECH,184.17,186.6,179.32,182.07,1126263
2024-07-30,TECH,182.07,184.74,181.35,184.11,1703395
2024-07-31,TECH,184.11,185.46,182.8,185.21,1194244
2024-08-01,TECH,185.21,190.31,183.45,188.62,2025361
2024-08-02,TECH,188.62,192.31,184.23,185.49,1459910
2024-08-05,TECH,185.49,186.12,182.28,182.32,1232880
2024-08-06,TECH,182.32,187.35,181.84,185.77,1043635
2024-08-07,TECH,185.77,185.84,181.7,182.12,1320394
2024-08-08,TECH,182.12,183.81,180.75,183.1,1484888
2024-08-09,TECH,183.1,185.64,178.52,179.74,1381786
2024-08-12,TECH,179.74,184.66,179.64,183.83,609586
2024-08-13,TECH,183.83,184.65,179.33,180.31,1482489
2024-08-14,TECH,180.31,183.91,172.9,175.91,1552168
2024-08-15,TECH,175.91,180.41,174.7,177.27,1625789
2024-08-16,TECH,177.27,177.65,174.37,174.53,1286632
2024-08-19,TECH,174.53,181.51,173.13,179.55,1416678
2024-08-20,TECH,179.55,181.43,176.84,177.87,1625223
2024-08-21,TECH,177.87,179.29,175.79,177.99,1621385
2024-08-22,TECH,177.99,180.99,176.24,179.86,1097587
2024-08-23,TECH,179.86,181.24,178.85,179.89,1460079
2024-08-26,TECH,179.89,179.93,178.95,179.11,1552660
2024-08-27,TECH,179.11,183.47,178.29,181.34,1716089
2024-08-28,TECH,181.34,189.94,181.12,187.03,1095188
2024-08-29,TECH,187.03,193.13,185.73,191.71,1201495
2024-08-30,TECH,191.71,196.07,189.79,190.66,1971714
2024-09-02,TECH,190.66,201.81,188.99,200.73,1887766
2024-09-03,TECH,200.73,202.46,197.9,198.83,1991102
2024-09-04,TECH,198.83,200.77,198.66,199.86,1491577
2024-09-05,TECH,199.86,202.26,196.41,198.33,1499465
2024-09-06,TECH,198.33,201.52,195.85,200.02,2333937
2024-09-09,TECH,200.02,208.0,199.21,207.66,1457525
2024-09-10,TECH,207.66,214.34,204.65,211.67,1613052
2024-09-11,TECH,211.67,221.28,208.1,218.53,2015143
2024-09-12,TECH,218.53,220.38,213.01,217.09,1411506
2024-09-13,TECH,217.09,217.55,209.7,212.35,1149137
2024-09-16,TECH,212.35,221.12,212.25,220.41,876735
2024-09-17,TECH,220.41,222.84,215.99,217.02,1946593
2024-09-18,TECH,217.02,222.23,216.23,221.6,650090
2024-09-19,TECH,221.6,227.1,215.79,226.75,1463973
2024-09-20,TECH,226.75,227.73,223.85,226.51,1525301
2024-09-23,TECH,226.51,228.84,225.93,228.25,1202470
2024-09-24,TECH,228.25,236.12,226.88,233.72,1006299
2024-09-25,TECH,233.72,235.19,228.43,230.93,1178564
2024-09-26,TECH,230.93,235.23,230.84,233.02,2583205
2024-09-27,TECH,233.02,234.19,229.53,230.4,1993746
2024-09-30,TECH,230.4,232.8,226.83,232.54,1875090
2024-10-01,TECH,232.54,238.69,230.69,236.16,2114924
2024-10-02,TECH,236.16,240.18,227.25,231.14,1440436
2024-10-03,TECH,231.14,233.87,225.62,227.53,1730068
2024-10-04,TECH,227.53,229.88,223.09,224.17,1243680
2024-10-07,TECH,224.17,227.6,223.22,224.12,1548744
2024-10-08,TECH,224.12,226.8,221.76,221.98,1633270
2024-10-09,TECH,221.98,223.97,220.25,223.77,1752628
2024-10-10,TECH,223.77,230.31,220.89,228.88,2070097
2024-10-11,TECH,228.88,234.18,227.08,229.72,1549549
2024-10-14,TECH,229.72,229.78,223.79,226.39,1127693
2024-10-15,TECH,226.39,228.79,217.3,218.68,1534010
2024-10-16,TECH,218.68,225.72,218.65,219.72,981820
2024-10-17,TECH,219.72,227.58,218.27,224.48,2088730
2024-10-18,TECH,224.48,226.89,221.8,224.96,1511169
2024-10-21,TECH,224.96,228.53,219.51,223.3,1846623
2024-10-22,TECH,223.3,229.81,221.12,225.65,1296203
2024-10-23,TECH,225.65,226.44,223.38,225.93,1332016
2024-10-24,TECH,225.93,227.0,222.09,222.45,1220269
2024-10-25,TECH,222.45,233.89,218.74,231.47,579598
2024-10-28,TECH,231.47,232.69,221.54,222.32,2151316
2024-10-29,TECH,222.32,224.41,222.2,222.77,1483322
2024-10-30,TECH,222.77,222.93,214.17,218.39,1325406
2024-10-31,TECH,218.39,220.78,217.37,220.15,1909278
2024-11-01,TECH,220.15,224.05,218.79,222.66,1412630
2024-11-04,TECH,222.66,227.7,220.51,227.12,1881960
2024-11-05,TECH,227.12,234.18,223.18,227.21,1534376
2024-11-06,TECH,227.21,229.09,223.06,224.08,1632200
2024-11-07,TECH,224.08,235.23,223.77,232.36,1282205
2024-11-08,TECH,232.36,233.69,226.71,227.3,1992426
2024-11-11,TECH,227.3,231.03,223.88,229.02,1375426
2024-11-12,TECH,229.02,229.45,223.23,225.66,1505354
2024-11-13,TECH,225.66,229.27,225.1,225.43,2050819
2024-11-14,TECH,225.43,225.75,223.98,224.62,1540218
2024-11-15,TECH,224.62,226.67,220.46,222.86,1920912
2024-11-18,TECH,222.86,228.37,219.18,224.43,1165341
2024-11-19,TECH,224.43,234.33,221.25,233.66,1100827
2024-11-20,TECH,233.66,238.93,230.54,231.93,1415717
2024-11-21,TECH,231.93,236.68,230.99,235.56,1841506
2024-11-22,TECH,235.56,241.61,231.59,238.63,1371659
2024-11-25,TECH,238.63,241.61,237.26,239.58,1341378
2024-11-26,TECH,239.58,241.43,229.9,231.7,1380307
2024-11-27,TECH,231.7,237.53,227.42,228.65,1159681
2024-11-28,TECH,228.65,229.33,226.09,226.8,1574823
2024-11-29,TECH,226.8,230.21,224.43,229.75,1491796
2024-12-02,TECH,229.75,231.83,228.93,229.44,1863275
2024-12-03,TECH,229.44,234.45,227.91,233.14,783496
2024-12-04,TECH,233.14,238.09,232.63,234.47,1414687
2024-12-05,TECH,234.47,235.4,231.44,231.62,1158829
2024-12-06,TECH,231.62,232.96,230.53,232.65,1707037
2024-12-09,TECH,232.65,233.87,229.74,229.93,1512485
2024-12-10,TECH,229.93,230.36,227.68,228.8,1117208
2024-12-11,TECH,228.8,236.84,228.04,234.26,1822326
2024-12-12,TECH,234.26,236.27,234.03,235.71,931808
2024-12-13,TECH,235.71,239.52,235.51,237.51,1167987
2024-12-16,TECH,237.51,242.55,237.48,241.7,2058093
2024-12-17,TECH,241.7,242.22,232.52,237.5,1378299
2024-12-18,TECH,237.5,238.95,234.06,235.59,2082155
2024-12-19,TECH,235.59,241.12,233.2,239.39,1284143
2024-12-20,TECH,239.39,240.17,232.02,236.0,1297455
2024-12-23,TECH,236.0,236.21,227.25,229.57,1781278
2024-12-24,TECH,229.57,232.03,227.79,231.92,1370617
2024-12-25,TECH,231.92,240.93,229.95,237.74,2298693
2024-12-26,TECH,237.74,250.98,237.51,249.28,1165300
2024-12-27,TECH,249.28,251.77,241.48,241.71,1724597
2024-12-30,TECH,241.71,249.97,241.67,244.06,1066461
2024-12-31,TECH,244.06,249.3,241.67,247.38,2180210
2023-01-02,BANCO,65.0,66.54,64.9,66.48,1384330
2023-01-03,BANCO,66.48,67.2,65.8,66.51,1277075
2023-01-04,BANCO,66.51,66.79,66.08,66.61,1919823
2023-01-05,BANCO,66.61,66.78,66.05,66.58,1448092
2023-01-06,BANCO,66.58,67.4,66.14,67.33,1374493
2023-01-09,BANCO,67.33,67.35,66.33,66.69,910796
2023-01-10,BANCO,66.69,67.53,66.03,67.14,762037
2023-01-11,BANCO,67.14,68.2,67.07,67.93,1696006
2023-01-12,BANCO,67.93,68.74,67.69,68.52,1399533
2023-01-13,BANCO,68.52,69.98,68.07,69.97,1364823
2023-01-16,BANCO,69.97,70.03,69.86,69.99,2051135
2023-01-17,BANCO,69.99,70.51,68.52,68.79,2333856
2023-01-18,BANCO,68.79,68.86,67.79,68.06,879532
2023-01-19,BANCO,68.06,68.14,67.89,68.1,1435704
2023-01-20,BANCO,68.1,68.84,67.09,67.31,1351197
2023-01-23,BANCO,67.31,67.65,67.0,67.05,831945
2023-01-24,BANCO,67.05,67.51,66.15,66.41,1568210
2023-01-25,BANCO,66.41,66.84,65.9,66.19,1244251
2023-01-26,BANCO,66.19,67.82,65.74,67.1,1328839
2023-01-27,BANCO,67.1,67.63,66.37,67.47,1659828
2023-01-30,BANCO,67.47,67.49,66.8,66.97,1583102
2023-01-31,BANCO,66.97,67.4,66.43,67.13,2338844
2023-02-01,BANCO,67.13,67.2,65.95,65.96,1312052
2023-02-02,BANCO,65.96,66.79,65.93,66.61,2568837
2023-02-03,BANCO,66.61,67.56,65.78,66.32,1749690
2023-02-06,BANCO,66.32,66.83,65.42,66.55,697402
2023-02-07,BANCO,66.55,67.48,66.26,67.13,1324359
2023-02-08,BANCO,67.13,67.78,66.91,67.6,2267949
2023-02-09,BANCO,67.6,67.82,67.43,67.63,1359067
2023-02-10,BANCO,67.63,68.26,67.3,67.9,1303113
2023-02-13,BANCO,67.9,68.9,67.23,68.81,2098691
2023-02-14,BANCO,68.81,68.99,67.92,68.42,1398038
2023-02-15,BANCO,68.42,69.17,67.66,68.2,1759177
2023-02-16,BANCO,68.2,68.29,66.14,66.8,1615496
2023-02-17,BANCO,66.8,67.93,66.3,67.17,1596901
2023-02-20,BANCO,67.17,67.74,66.92,67.53,1999113
2023-02-21,BANCO,67.53,68.18,67.47,68.06,1984671
2023-02-22,BANCO,68.06,68.82,67.32,67.92,1054146
2023-02-23,BANCO,67.92,68.07,66.88,66.99,835467
2023-02-24,BANCO,66.99,67.2,66.07,66.27,1486853
2023-02-27,BANCO,66.27,68.4,65.79,68.08,1631328
2023-02-28,BANCO,68.08,68.51,66.4,66.45,1198977
2023-03-01,BANCO,66.45,66.5,66.06,66.2,1382183
2023-03-02,BANCO,66.2,66.84,65.8,66.76,1334123
2023-03-03,BANCO,66.76,67.08,65.21,65.8,1271066
2023-03-06,BANCO,65.8,66.01,64.93,65.49,1027351
2023-03-07,BANCO,65.49,65.69,64.93,65.23,817383
2023-03-08,BANCO,65.23,66.06,64.66,65.31,1832488
2023-03-09,BANCO,65.31,66.91,65.26,66.17,1194988
2023-03-10,BANCO,66.17,66.62,64.37,64.68,1291606
2023-03-13,BANCO,64.68,64.8,63.74,63.84,1021843
2023-03-14,BANCO,63.84,65.21,63.62,64.98,743789
2023-03-15,BANCO,64.98,65.01,63.71,64.13,2189540
2023-03-16,BANCO,64.13,64.35,61.87,62.59,1312929
2023-03-17,BANCO,62.59,63.6,62.49,63.52,1980512
2023-03-20,BANCO,63.52,64.03,61.65,62.28,1913189
2023-03-21,BANCO,62.28,62.77,60.71,61.0,1384548
2023-03-22,BANCO,61.0,61.29,60.49,60.7,1353497
2023-03-23,BANCO,60.7,60.77,60.1,60.46,1483490
2023-03-24,BANCO,60.46,60.64,59.47,59.67,2048581
2023-03-27,BANCO,59.67,59.71,58.58,58.64,2195119
2023-03-28,BANCO,58.64,59.09,58.56,59.0,1189757
2023-03-29,BANCO,59.0,61.22,58.95,60.45,1165482
2023-03-30,BANCO,60.45,61.0,60.08,60.75,1302770
2023-03-31,BANCO,60.75,60.89,60.17,60.32,1037393
2023-04-03,BANCO,60.32,61.04,58.78,58.94,1656731
2023-04-04,BANCO,58.94,58.95,58.47,58.54,1398314
2023-04-05,BANCO,58.54,60.49,58.39,60.29,1492678
2023-04-06,BANCO,60.29,60.41,59.88,60.24,1893711
2023-04-07,BANCO,60.24,60.29,59.65,60.15,1656055
2023-04-10,BANCO,60.15,60.5,59.83,60.0,2042046
2023-04-11,BANCO,60.0,60.37,59.14,59.24,1636776
2023-04-12,BANCO,59.24,59.66,58.82,59.08,2255917
2023-04-13,BANCO,59.08,59.11,57.74,58.02,1746340
2023-04-14,BANCO,58.02,59.7,57.84,59.59,1175495
2023-04-17,BANCO,59.59,60.06,58.92,59.35,1569574
2023-04-18,BANCO,59.35,59.42,58.04,58.72,1565301
2023-04-19,BANCO,58.72,59.21,58.14,59.0,1118102
2023-04-20,BANCO,59.0,59.04,57.9,58.63,1408842
2023-04-21,BANCO,58.63,59.83,58.38,59.63,1564415
2023-04-24,BANCO,59.63,59.75,59.33,59.57,2159442
2023-04-25,BANCO,59.57,59.93,58.09,58.25,1625014
2023-04-26,BANCO,58.25,59.06,57.58,59.01,1922531
2023-04-27,BANCO,59.01,59.31,58.25,58.79,1589530
2023-04-28,BANCO,58.79,59.1,58.04,58.4,1587086
2023-05-01,BANCO,58.4,58.52,58.03,58.07,1438505
2023-05-02,BANCO,58.07,58.26,56.78,56.96,1652708
2023-05-03,BANCO,56.96,57.42,56.7,57.02,515367
2023-05-04,BANCO,57.02,57.45,55.74,56.32,1531213
2023-05-05,BANCO,56.32,56.82,56.25,56.33,1277409
2023-05-08,BANCO,56.33,58.0,56.3,57.82,874455
2023-05-09,BANCO,57.82,58.91,57.08,58.88,1776273
2023-05-10,BANCO,58.88,59.15,58.51,58.81,1286103
2023-05-11,BANCO,58.81,60.56,58.58,59.84,557709
2023-05-12,BANCO,59.84,60.5,59.82,60.44,1142700
2023-05-15,BANCO,60.44,62.41,59.96,61.63,1315476
2023-05-16,BANCO,61.63,61.93,60.08,60.09,2324429
2023-05-17,BANCO,60.09,61.04,60.07,60.98,2048901
2023-05-18,BANCO,60.98,62.47,60.73,61.62,1680353
2023-05-19,BANCO,61.62,61.68,60.69,61.24,1514718
2023-05-22,BANCO,61.24,61.38,59.64,60.19,1607493
2023-05-23,BANCO,60.19,60.39,59.69,60.34,1213436
2023-05-24,BANCO,60.34,60.72,59.65,60.05,742855
2023-05-25,BANCO,60.05,60.39,59.17,59.29,1031278
2023-05-26,BANCO,59.29,59.76,58.01,58.27,907106
2023-05-29,BANCO,58.27,59.05,57.84,59.03,1250422
2023-05-30,BANCO,59.03,59.5,58.97,59.46,2127991
2023-05-31,BANCO,59.46,60.07,59.4,59.99,771804
2023-06-01,BANCO,59.99,60.24,59.18,59.83,1278559
2023-06-02,BANCO,59.83,60.0,59.59,59.95,1903349
2023-06-05,BANCO,59.95,60.15,58.48,59.17,1255956
2023-06-06,BANCO,59.17,60.47,59.09,60.39,1608459
2023-06-07,BANCO,60.39,61.4,59.81,60.43,1851203
2023-06-08,BANCO,60.43,61.07,59.92,60.54,1982749
2023-06-09,BANCO,60.54,60.64,59.99,60.17,1149408
2023-06-12,BANCO,60.17,60.53,60.06,60.37,1450074
2023-06-13,BANCO,60.37,60.83,59.2,59.75,1588669
2023-06-14,BANCO,59.75,60.62,59.74,60.23,1680528
2023-06-15,BANCO,60.23,60.55,60.05,60.07,1890607
2023-06-16,BANCO,60.07,61.02,60.07,60.56,1998582
2023-06-19,BANCO,60.56,61.35,60.54,60.83,1424924
2023-06-20,BANCO,60.83,61.3,57.79,58.39,1300904
2023-06-21,BANCO,58.39,58.67,57.43,57.7,835417
2023-06-22,BANCO,57.7,58.36,57.67,57.91,1651345
2023-06-23,BANCO,57.91,58.03,57.69,57.76,1408860
2023-06-26,BANCO,57.76,58.3,57.6,58.18,2381355
2023-06-27,BANCO,58.18,58.8,57.61,57.69,2014075
2023-06-28,BANCO,57.69,58.56,57.42,58.43,2311080
2023-06-29,BANCO,58.43,58.89,57.04,57.33,2221187
2023-06-30,BANCO,57.33,57.93,57.26,57.69,1606546
2023-07-03,BANCO,57.69,57.78,57.09,57.13,1696929
2023-07-04,BANCO,57.13,57.98,57.06,57.81,992990
2023-07-05,BANCO,57.81,57.85,57.73,57.75,1680524
2023-07-06,BANCO,57.75,58.14,56.97,57.03,1978953
2023-07-07,BANCO,57.03,57.1,56.36,56.4,1242634
2023-07-10,BANCO,56.4,57.16,55.93,57.16,1886413
2023-07-11,BANCO,57.16,57.26,56.47,56.75,1089074
2023-07-12,BANCO,56.75,57.97,56.23,57.7,1968284
2023-07-13,BANCO,57.7,57.96,56.59,57.15,942308
2023-07-14,BANCO,57.15,57.21,55.34,55.41,1129603
2023-07-17,BANCO,55.41,56.59,55.09,56.08,1805382
2023-07-18,BANCO,56.08,56.41,55.5,55.63,998529
2023-07-19,BANCO,55.63,55.68,54.6,54.78,1423563
2023-07-20,BANCO,54.78,54.83,54.1,54.22,1787831
2023-07-21,BANCO,54.22,54.45,53.42,53.82,1590002
2023-07-24,BANCO,53.82,54.65,53.59,54.37,1943387
2023-07-25,BANCO,54.37,55.54,54.18,55.48,1186765
2023-07-26,BANCO,55.48,56.06,55.28,55.77,2288813
2023-07-27,BANCO,55.77,56.45,55.67,56.17,2294008
2023-07-28,BANCO,56.17,56.69,56.07,56.37,1358531
2023-07-31,BANCO,56.37,56.53,56.26,56.35,1858807
2023-08-01,BANCO,56.35,56.43,55.62,55.9,1992967
2023-08-02,BANCO,55.9,56.09,55.5,56.01,1775994
2023-08-03,BANCO,56.01,56.18,55.3,55.55,1322837
2023-08-04,BANCO,55.55,56.12,55.34,55.94,1459502
2023-08-07,BANCO,55.94,56.94,55.85,56.81,990791
2023-08-08,BANCO,56.81,57.24,56.7,56.78,1667502
2023-08-09,BANCO,56.78,58.29,56.23,57.47,1925260
2023-08-10,BANCO,57.47,58.33,56.79,58.29,1024633
2023-08-11,BANCO,58.29,58.32,57.08,57.33,1097685
2023-08-14,BANCO,57.33,57.53,56.65,57.36,1290348
2023-08-15,BANCO,57.36,59.04,57.34,58.33,1514807
2023-08-16,BANCO,58.33,58.43,57.34,57.46,1395181
2023-08-17,BANCO,57.46,57.49,56.99,57.14,1709221
2023-08-18,BANCO,57.14,57.46,56.73,56.76,2481624
2023-08-21,BANCO,56.76,56.85,56.41,56.77,2101754
2023-08-22,BANCO,56.77,56.89,56.34,56.66,1358405
2023-08-23,BANCO,56.66,56.98,56.4,56.85,996491
2023-08-24,BANCO,56.85,57.21,54.87,55.51,1792144
2023-08-25,BANCO,55.51,56.39,54.7,54.77,1207841
2023-08-28,BANCO,54.77,55.81,54.7,55.74,1400185
2023-08-29,BANCO,55.74,56.97,55.34,56.71,1429216
2023-08-30,BANCO,56.71,57.69,56.25,56.96,1134301
2023-08-31,BANCO,56.96,57.0,55.97,56.63,1307336
2023-09-01,BANCO,56.63,56.87,55.22,55.34,1784105
2023-09-04,BANCO,55.34,56.31,55.32,56.24,1217071
2023-09-05,BANCO,56.24,56.43,55.57,55.87,2219537
2023-09-06,BANCO,55.87,56.2,54.75,55.39,1524188
2023-09-07,BANCO,55.39,55.73,54.7,54.76,1316332
2023-09-08,BANCO,54.76,55.04,53.67,53.96,2164119
2023-09-11,BANCO,53.96,54.2,53.9,54.09,1606803
2023-09-12,BANCO,54.09,54.51,53.59,53.92,1464463
2023-09-13,BANCO,53.92,54.47,53.64,53.7,1443166
2023-09-14,BANCO,53.7,53.91,53.3,53.34,1911322
2023-09-15,BANCO,53.34,53.85,53.32,53.47,1801286
2023-09-18,BANCO,53.47,54.45,52.98,54.34,1513415
2023-09-19,BANCO,54.34,56.35,53.95,55.82,1932746
2023-09-20,BANCO,55.82,57.22,55.45,57.1,1533297
2023-09-21,BANCO,57.1,57.69,56.67,57.45,1287474
2023-09-22,BANCO,57.45,57.9,56.63,56.88,1365058
2023-09-25,BANCO,56.88,57.85,56.43,57.44,774505
2023-09-26,BANCO,57.44,57.76,57.14,57.67,910257
2023-09-27,BANCO,57.67,58.84,57.27,58.03,1457361
2023-09-28,BANCO,58.03,59.29,57.41,58.44,1184957
2023-09-29,BANCO,58.44,60.28,58.33,59.26,1105643
2023-10-02,BANCO,59.26,59.47,59.01,59.32,1136605
2023-10-03,BANCO,59.32,60.4,58.15,60.17,945334
2023-10-04,BANCO,60.17,61.36,59.71,60.86,1525832
2023-10-05,BANCO,60.86,61.2,59.24,59.47,967688
2023-10-06,BANCO,59.47,59.91,59.44,59.53,1706598
2023-10-09,BANCO,59.53,59.71,59.4,59.58,1704133
2023-10-10,BANCO,59.58,59.6,58.42,59.24,1118688
2023-10-11,BANCO,59.24,59.59,59.21,59.53,1539051
2023-10-12,BANCO,59.53,60.8,58.91,60.57,1979914
2023-10-13,BANCO,60.57,61.02,60.08,60.72,682035
2023-10-16,BANCO,60.72,60.81,59.62,60.07,1313712
2023-10-17,BANCO,60.07,60.37,59.36,59.86,1610047
2023-10-18,BANCO,59.86,60.08,59.59,59.97,862855
2023-10-19,BANCO,59.97,60.13,59.71,59.91,1129522
2023-10-20,BANCO,59.91,60.13,59.52,59.55,1309218
2023-10-23,BANCO,59.55,59.98,58.82,59.18,1641007
2023-10-24,BANCO,59.18,59.49,57.93,58.54,2030204
2023-10-25,BANCO,58.54,58.97,58.34,58.85,1464888
2023-10-26,BANCO,58.85,58.93,58.34,58.68,1246051
2023-10-27,BANCO,58.68,60.35,58.22,59.84,695475
2023-10-30,BANCO,59.84,60.93,59.47,60.29,1344287
2023-10-31,BANCO,60.29,60.98,60.07,60.85,1079492
2023-11-01,BANCO,60.85,61.78,60.74,61.48,1749227
2023-11-02,BANCO,61.48,62.77,60.94,62.11,1419836
2023-11-03,BANCO,62.11,64.44,61.87,63.8,1576892
2023-11-06,BANCO,63.8,64.27,63.78,64.27,2127493
2023-11-07,BANCO,64.27,64.36,62.66,62.95,1461009
2023-11-08,BANCO,62.95,63.12,62.12,62.55,2152677
2023-11-09,BANCO,62.55,62.75,60.47,60.91,1517753
2023-11-10,BANCO,60.91,60.95,60.36,60.71,1449170
2023-11-13,BANCO,60.71,60.96,60.68,60.88,1622390
2023-11-14,BANCO,60.88,62.62,60.79,62.36,1976682
2023-11-15,BANCO,62.36,62.48,61.19,61.24,1053545
2023-11-16,BANCO,61.24,61.34,60.98,61.15,1268334
2023-11-17,BANCO,61.15,61.59,61.0,61.22,1642037
2023-11-20,BANCO,61.22,61.81,61.17,61.62,1909631
2023-11-21,BANCO,61.62,61.66,60.57,60.59,1285314
2023-11-22,BANCO,60.59,60.85,58.18,59.04,1425942
2023-11-23,BANCO,59.04,59.78,58.94,59.68,1411270
2023-11-24,BANCO,59.68,60.32,59.66,59.97,1535068
2023-11-27,BANCO,59.97,60.36,59.68,60.07,894553
2023-11-28,BANCO,60.07,60.13,58.54,59.17,2364128
2023-11-29,BANCO,59.17,59.35,57.8,58.26,977375
2023-11-30,BANCO,58.26,59.84,57.86,59.36,1513137
2023-12-01,BANCO,59.36,60.47,59.02,60.44,1140834
2023-12-04,BANCO,60.44,61.48,60.19,61.18,1878783
2023-12-05,BANCO,61.18,61.56,60.44,60.49,1556530
2023-12-06,BANCO,60.49,61.13,60.16,60.93,1435613
2023-12-07,BANCO,60.93,61.53,60.64,61.51,1884864
2023-12-08,BANCO,61.51,61.74,61.35,61.54,886467
2023-12-11,BANCO,61.54,62.96,61.27,62.2,770237
2023-12-12,BANCO,62.2,63.26,61.94,62.48,2482326
2023-12-13,BANCO,62.48,62.88,61.08,61.8,1000606
2023-12-14,BANCO,61.8,62.1,61.78,61.87,1381373
2023-12-15,BANCO,61.87,63.45,60.93,63.35,2429775
2023-12-18,BANCO,63.35,64.51,63.21,64.4,1263042
2023-12-19,BANCO,64.4,65.16,64.29,65.08,1635560
2023-12-20,BANCO,65.08,66.75,65.02,66.75,1704856
2023-12-21,BANCO,66.75,67.75,66.14,67.18,1222247
2023-12-22,BANCO,67.18,67.84,66.91,67.73,1419510
2023-12-25,BANCO,67.73,67.78,66.94,67.16,1117749
2023-12-26,BANCO,67.16,67.63,67.08,67.6,1717330
2023-12-27,BANCO,67.6,68.34,66.36,68.3,1194426
2023-12-28,BANCO,68.3,69.83,68.15,69.31,806994
2023-12-29,BANCO,69.31,71.51,69.01,71.16,1299188
2024-01-01,BANCO,71.16,71.92,71.15,71.38,1116031
2024-01-02,BANCO,71.38,72.78,70.74,72.73,1222383
2024-01-03,BANCO,72.73,73.07,72.09,72.52,1800874
2024-01-04,BANCO,72.52,72.77,71.31,71.92,1879353
2024-01-05,BANCO,71.92,72.55,71.76,72.16,1476111
2024-01-08,BANCO,72.16,73.34,71.99,72.79,1908068
2024-01-09,BANCO,72.79,73.58,72.56,73.47,1082191
2024-01-10,BANCO,73.47,73.82,73.22,73.34,1081610
2024-01-11,BANCO,73.34,73.67,71.73,72.71,2166987
2024-01-12,BANCO,72.71,72.73,69.95,70.23,1206368
2024-01-15,BANCO,70.23,70.35,69.59,69.66,1370971
2024-01-16,BANCO,69.66,71.22,69.63,71.06,898205
2024-01-17,BANCO,71.06,71.06,70.68,70.92,1517240
2024-01-18,BANCO,70.92,71.13,70.54,70.91,823086
2024-01-19,BANCO,70.91,71.6,69.73,71.04,2041691
2024-01-22,BANCO,71.04,71.63,70.68,71.48,1183635
2024-01-23,BANCO,71.48,72.97,70.3,70.69,2413623
2024-01-24,BANCO,70.69,71.1,70.27,70.55,1402617
2024-01-25,BANCO,70.55,70.73,69.53,69.84,1379828
2024-01-26,BANCO,69.84,69.9,69.15,69.35,967565
2024-01-29,BANCO,69.35,70.94,69.31,70.49,1924567
2024-01-30,BANCO,70.49,71.09,70.36,71.0,1553992
2024-01-31,BANCO,71.0,72.17,70.44,72.13,1496630
2024-02-01,BANCO,72.13,74.26,71.51,74.1,1057052
2024-02-02,BANCO,74.1,74.56,73.32,74.2,1270517
2024-02-05,BANCO,74.2,74.49,72.98,73.33,1580834
2024-02-06,BANCO,73.33,73.36,72.54,73.27,1764034
2024-02-07,BANCO,73.27,73.77,71.59,71.63,1146648
2024-02-08,BANCO,71.63,72.39,71.23,71.48,1510118
2024-02-09,BANCO,71.48,74.1,71.41,73.47,1115422
2024-02-12,BANCO,73.47,74.55,73.0,73.92,1574218
2024-02-13,BANCO,73.92,75.12,73.82,74.94,1356329
2024-02-14,BANCO,74.94,75.14,74.62,75.02,1400522
2024-02-15,BANCO,75.02,75.11,74.02,74.09,1934177
2024-02-16,BANCO,74.09,74.18,73.36,74.0,1814447
2024-02-19,BANCO,74.0,74.39,73.83,74.18,1968701
2024-02-20,BANCO,74.18,75.05,73.83,74.79,1125870
2024-02-21,BANCO,74.79,74.98,74.07,74.7,1381802
2024-02-22,BANCO,74.7,76.41,74.53,75.92,1469249
2024-02-23,BANCO,75.92,77.38,75.58,76.84,2094761
2024-02-26,BANCO,76.84,77.52,76.08,77.06,1758168
2024-02-27,BANCO,77.06,78.33,76.78,77.64,1419444
2024-02-28,BANCO,77.64,78.46,76.22,76.24,1435450
2024-02-29,BANCO,76.24,77.31,75.8,76.85,1505364
2024-03-01,BANCO,76.85,77.33,76.05,76.31,1288366
2024-03-04,BANCO,76.31,76.95,75.79,76.18,1828810
2024-03-05,BANCO,76.18,76.26,74.28,74.89,1247177
2024-03-06,BANCO,74.89,75.28,74.52,74.97,1106743
2024-03-07,BANCO,74.97,76.74,74.45,76.13,941509
2024-03-08,BANCO,76.13,76.39,75.17,75.29,1836802
2024-03-11,BANCO,75.29,75.62,74.8,75.55,1371871
2024-03-12,BANCO,75.55,75.72,75.15,75.22,1652884
2024-03-13,BANCO,75.22,76.26,74.93,75.79,843044
2024-03-14,BANCO,75.79,76.25,75.65,75.93,1037282
2024-03-15,BANCO,75.93,76.68,74.27,74.43,1235195
2024-03-18,BANCO,74.43,76.32,74.06,75.42,1651041
2024-03-19,BANCO,75.42,75.87,74.49,75.63,1388413
2024-03-20,BANCO,75.63,75.91,73.99,74.59,1076642
2024-03-21,BANCO,74.59,75.36,73.44,73.49,956296
2024-03-22,BANCO,73.49,75.38,72.92,74.9,1634066
2024-03-25,BANCO,74.9,74.99,72.38,73.12,1828654
2024-03-26,BANCO,73.12,73.18,72.73,72.79,1570993
2024-03-27,BANCO,72.79,73.16,72.29,72.75,718774
2024-03-28,BANCO,72.75,72.88,72.29,72.82,1985257
2024-03-29,BANCO,72.82,73.43,72.11,72.26,1266993
2024-04-01,BANCO,72.26,73.16,71.7,72.69,2179455
2024-04-02,BANCO,72.69,72.88,72.14,72.58,1687715
2024-04-03,BANCO,72.58,73.85,72.41,73.65,1628583
2024-04-04,BANCO,73.65,74.4,72.43,73.48,1116181
2024-04-05,BANCO,73.48,75.02,73.46,74.11,1619659
2024-04-08,BANCO,74.11,74.19,73.78,73.95,2108902
2024-04-09,BANCO,73.95,74.3,73.77,73.95,2346096
2024-04-10,BANCO,73.95,74.64,73.4,73.62,1002385
2024-04-11,BANCO,73.62,73.84,73.3,73.64,931408
2024-04-12,BANCO,73.64,74.01,72.62,73.96,1444042
2024-04-15,BANCO,73.96,74.47,73.13,73.42,1871461
2024-04-16,BANCO,73.42,74.02,72.87,73.59,1825138
2024-04-17,BANCO,73.59,73.7,73.15,73.65,1857832
2024-04-18,BANCO,73.65,73.81,73.13,73.69,1561066
2024-04-19,BANCO,73.69,73.73,73.21,73.35,1646615
2024-04-22,BANCO,73.35,73.37,72.81,73.07,1371941
2024-04-23,BANCO,73.07,73.2,72.29,72.66,1410360
2024-04-24,BANCO,72.66,72.77,72.37,72.49,1456419
2024-04-25,BANCO,72.49,74.26,72.42,73.87,2069184
2024-04-26,BANCO,73.87,73.89,73.23,73.61,1614902
2024-04-29,BANCO,73.61,75.01,73.26,74.95,1448809
2024-04-30,BANCO,74.95,75.28,72.58,73.65,967484
2024-05-01,BANCO,73.65,73.75,72.01,72.45,1423603
2024-05-02,BANCO,72.45,74.69,72.04,74.22,1943585
2024-05-03,BANCO,74.22,75.72,74.02,75.16,1636543
2024-05-06,BANCO,75.16,75.39,74.72,74.85,2028181
2024-05-07,BANCO,74.85,75.54,73.82,75.45,1677298
2024-05-08,BANCO,75.45,76.54,75.37,76.08,1606106
2024-05-09,BANCO,76.08,76.2,75.33,76.13,1253647
2024-05-10,BANCO,76.13,76.88,75.81,75.88,1094564
2024-05-13,BANCO,75.88,76.62,75.12,76.49,661144
2024-05-14,BANCO,76.49,77.61,76.11,77.09,778128
2024-05-15,BANCO,77.09,78.02,76.6,77.92,1576934
2024-05-16,BANCO,77.92,77.97,77.23,77.59,1687744
2024-05-17,BANCO,77.59,77.69,75.97,76.25,1609646
2024-05-20,BANCO,76.25,76.27,75.6,76.25,994283
2024-05-21,BANCO,76.25,76.31,76.12,76.22,1163099
2024-05-22,BANCO,76.22,76.65,75.51,75.55,1533433
2024-05-23,BANCO,75.55,76.6,75.25,76.25,1779293
2024-05-24,BANCO,76.25,78.26,76.21,77.64,930082
2024-05-27,BANCO,77.64,77.72,77.27,77.32,1250850
2024-05-28,BANCO,77.32,79.0,77.3,78.28,1448639
2024-05-29,BANCO,78.28,79.81,77.98,79.57,920584
2024-05-30,BANCO,79.57,79.97,78.69,78.84,1722772
2024-05-31,BANCO,78.84,79.35,78.28,79.31,1255082
2024-06-03,BANCO,79.31,80.05,79.23,79.59,1592309
2024-06-04,BANCO,79.59,80.05,78.93,79.01,1582868
2024-06-05,BANCO,79.01,79.21,78.36,78.44,1654253
2024-06-06,BANCO,78.44,79.98,78.44,79.81,2323922
2024-06-07,BANCO,79.81,80.04,78.09,78.23,1638299
2024-06-10,BANCO,78.23,80.54,77.8,80.03,1580186
2024-06-11,BANCO,80.03,81.51,79.93,81.44,1582315
2024-06-12,BANCO,81.44,81.58,80.4,80.57,1484797
2024-06-13,BANCO,80.57,81.6,80.53,80.85,1379604
2024-06-14,BANCO,80.85,81.11,80.41,80.67,2303803
2024-06-17,BANCO,80.67,81.37,80.54,80.63,1596781
2024-06-18,BANCO,80.63,81.82,80.58,81.67,1066791
2024-06-19,BANCO,81.67,84.1,81.54,83.34,1430113
2024-06-20,BANCO,83.34,84.02,83.28,83.54,1713956
2024-06-21,BANCO,83.54,83.92,82.54,82.91,1730486
2024-06-24,BANCO,82.91,83.88,82.84,83.38,1346687
2024-06-25,BANCO,83.38,83.79,82.49,82.98,1456283
2024-06-26,BANCO,82.98,83.17,80.93,81.58,1706088
2024-06-27,BANCO,81.58,82.16,80.78,81.34,1074339
2024-06-28,BANCO,81.34,81.87,81.02,81.46,1043196
2024-07-01,BANCO,81.46,83.66,81.12,83.55,1685790
2024-07-02,BANCO,83.55,83.9,82.55,82.98,1306922
2024-07-03,BANCO,82.98,85.26,82.67,85.19,1153367
2024-07-04,BANCO,85.19,85.41,83.8,84.84,430896
2024-07-05,BANCO,84.84,85.29,83.47,84.23,1944322
2024-07-08,BANCO,84.23,86.41,83.64,85.65,1608595
2024-07-09,BANCO,85.65,86.47,84.43,84.52,985274
2024-07-10,BANCO,84.52,85.23,84.31,84.74,2606959
2024-07-11,BANCO,84.74,86.16,84.37,85.62,1645645
2024-07-12,BANCO,85.62,86.02,85.16,85.81,2263778
2024-07-15,BANCO,85.81,86.7,84.85,85.04,1911234
2024-07-16,BANCO,85.04,85.54,83.16,83.96,1690270
2024-07-17,BANCO,83.96,84.5,82.75,83.15,1245259
2024-07-18,BANCO,83.15,85.11,82.77,84.19,1915829
2024-07-19,BANCO,84.19,85.34,84.06,84.97,1740048
2024-07-22,BANCO,84.97,86.24,84.61,86.03,2245002
2024-07-23,BANCO,86.03,88.93,85.4,88.39,1375054
2024-07-24,BANCO,88.39,89.67,88.19,89.29,1833802
2024-07-25,BANCO,89.29,90.14,87.64,87.72,1459007
2024-07-26,BANCO,87.72,88.06,86.63,87.52,1845330
2024-07-29,BANCO,87.52,88.12,87.23,87.47,1432119
2024-07-30,BANCO,87.47,88.1,86.58,86.9,1323637
2024-07-31,BANCO,86.9,86.97,84.85,85.73,1162782
2024-08-01,BANCO,85.73,86.39,84.48,86.06,1425827
2024-08-02,BANCO,86.06,86.39,85.0,85.5,1534968
2024-08-05,BANCO,85.5,85.71,84.61,84.63,1539851
2024-08-06,BANCO,84.63,85.27,84.3,84.33,1729537
2024-08-07,BANCO,84.33,85.22,84.1,84.31,1799418
2024-08-08,BANCO,84.31,85.07,82.04,82.69,1191520
2024-08-09,BANCO,82.69,83.0,82.26,82.53,1853235
2024-08-12,BANCO,82.53,83.58,81.87,83.1,1258892
2024-08-13,BANCO,83.1,83.18,82.38,82.39,1676697
2024-08-14,BANCO,82.39,83.39,82.13,82.82,1069430
2024-08-15,BANCO,82.82,83.65,82.59,83.34,1293421
2024-08-16,BANCO,83.34,83.96,80.53,80.68,2361262
2024-08-19,BANCO,80.68,80.86,79.12,80.29,1053373
2024-08-20,BANCO,80.29,80.34,79.14,79.99,2335230
2024-08-21,BANCO,79.99,80.35,78.76,79.36,1754245
2024-08-22,BANCO,79.36,81.56,79.17,80.32,1685762
2024-08-23,BANCO,80.32,80.46,80.19,80.27,1395359
2024-08-26,BANCO,80.27,80.52,79.96,80.18,1099385
2024-08-27,BANCO,80.18,80.6,79.33,80.52,1950870
2024-08-28,BANCO,80.52,82.27,80.24,81.83,1690764
2024-08-29,BANCO,81.83,82.46,81.73,82.21,1161478
2024-08-30,BANCO,82.21,82.95,81.59,81.66,1609967
2024-09-02,BANCO,81.66,83.86,81.39,83.6,1246213
2024-09-03,BANCO,83.6,84.15,83.39,83.63,2810441
2024-09-04,BANCO,83.63,84.74,82.64,83.43,1950558
2024-09-05,BANCO,83.43,83.63,82.31,82.58,1825019
2024-09-06,BANCO,82.58,82.69,81.03,81.68,1646535
2024-09-09,BANCO,81.68,83.12,81.64,82.74,1565262
2024-09-10,BANCO,82.74,83.06,82.42,82.63,2058435
2024-09-11,BANCO,82.63,83.19,82.49,83.08,1528542
2024-09-12,BANCO,83.08,84.22,82.61,83.52,2304773
2024-09-13,BANCO,83.52,83.68,82.88,83.16,1831074
2024-09-16,BANCO,83.16,83.78,82.55,82.83,691604
2024-09-17,BANCO,82.83,85.08,82.62,85.05,1812983
2024-09-18,BANCO,85.05,85.06,83.97,84.27,1044054
2024-09-19,BANCO,84.27,84.6,82.97,82.98,1515331
2024-09-20,BANCO,82.98,83.43,82.6,82.71,1458100
2024-09-23,BANCO,82.71,84.45,82.57,84.17,1156091
2024-09-24,BANCO,84.17,84.57,82.77,84.13,2006566
2024-09-25,BANCO,84.13,84.91,83.26,84.3,1878705
2024-09-26,BANCO,84.3,84.86,82.24,82.29,1421728
2024-09-27,BANCO,82.29,83.32,81.5,83.22,1144620
2024-09-30,BANCO,83.22,83.6,82.75,82.96,597557
2024-10-01,BANCO,82.96,83.74,81.59,82.62,909974
2024-10-02,BANCO,82.62,82.97,81.36,81.45,2138024
2024-10-03,BANCO,81.45,82.45,81.37,82.08,2030125
2024-10-04,BANCO,82.08,85.65,81.89,85.13,1189477
2024-10-07,BANCO,85.13,85.64,84.74,85.01,1007549
2024-10-08,BANCO,85.01,86.76,85.0,85.55,1735930
2024-10-09,BANCO,85.55,86.11,85.29,86.04,2130986
2024-10-10,BANCO,86.04,86.47,85.08,85.58,1914647
2024-10-11,BANCO,85.58,87.09,85.15,85.79,1734178
2024-10-14,BANCO,85.79,86.18,85.41,85.95,1740052
2024-10-15,BANCO,85.95,87.3,85.7,87.02,1516460
2024-10-16,BANCO,87.02,87.04,85.83,86.42,1580902
2024-10-17,BANCO,86.42,86.78,85.31,86.3,1011664
2024-10-18,BANCO,86.3,87.37,85.84,86.93,2268910
2024-10-21,BANCO,86.93,88.99,86.26,88.9,1883173
2024-10-22,BANCO,88.9,89.22,87.59,87.7,1477487
2024-10-23,BANCO,87.7,88.71,87.63,87.68,2297047
2024-10-24,BANCO,87.68,88.22,86.54,87.42,1879315
2024-10-25,BANCO,87.42,87.7,86.15,86.64,890031
2024-10-28,BANCO,86.64,87.09,86.16,86.36,660855
2024-10-29,BANCO,86.36,87.29,86.33,86.54,812169
2024-10-30,BANCO,86.54,86.6,83.56,84.15,1821070
2024-10-31,BANCO,84.15,84.67,83.68,84.67,1373809
2024-11-01,BANCO,84.67,85.39,83.33,85.35,1492075
2024-11-04,BANCO,85.35,85.63,83.34,83.78,1048015
2024-11-05,BANCO,83.78,84.99,82.81,84.57,1782159
2024-11-06,BANCO,84.57,84.66,82.5,83.26,1476435
2024-11-07,BANCO,83.26,83.9,82.87,82.98,1119805
2024-11-08,BANCO,82.98,83.19,81.43,82.11,1372365
2024-11-11,BANCO,82.11,82.37,81.29,81.87,1367925
2024-11-12,BANCO,81.87,82.28,81.75,81.9,1825465
2024-11-13,BANCO,81.9,82.32,79.21,80.26,1026920
2024-11-14,BANCO,80.26,80.43,79.87,80.3,1749395
2024-11-15,BANCO,80.3,80.94,79.95,80.88,1766860
2024-11-18,BANCO,80.88,80.97,80.75,80.84,1514116
2024-11-19,BANCO,80.84,81.46,80.66,81.28,980184
2024-11-20,BANCO,81.28,81.81,81.09,81.57,1594369
2024-11-21,BANCO,81.57,81.68,80.76,80.8,1846092
2024-11-22,BANCO,80.8,82.97,80.65,82.94,1375066
2024-11-25,BANCO,82.94,84.38,82.42,84.24,2124737
2024-11-26,BANCO,84.24,86.53,83.67,86.52,1517047
2024-11-27,BANCO,86.52,88.24,84.8,84.85,1364002
2024-11-28,BANCO,84.85,86.59,84.19,86.42,988509
2024-11-29,BANCO,86.42,86.64,84.0,84.73,1021340
2024-12-02,BANCO,84.73,86.14,84.68,85.83,1319223
2024-12-03,BANCO,85.83,86.98,85.7,86.97,1276763
2024-12-04,BANCO,86.97,87.76,86.24,87.37,1861220
2024-12-05,BANCO,87.37,87.52,86.83,87.2,1301476
2024-12-06,BANCO,87.2,88.06,84.68,85.18,2011749
2024-12-09,BANCO,85.18,88.45,84.77,88.33,1429238
2024-12-10,BANCO,88.33,88.75,87.22,87.4,1686086
2024-12-11,BANCO,87.4,87.97,87.37,87.59,1883012
2024-12-12,BANCO,87.59,87.91,86.47,87.36,2227259
2024-12-13,BANCO,87.36,88.88,87.19,88.38,496880
2024-12-16,BANCO,88.38,89.56,85.78,86.77,1657500
2024-12-17,BANCO,86.77,88.01,86.36,87.63,1248512
2024-12-18,BANCO,87.63,88.87,87.59,88.72,1508454
2024-12-19,BANCO,88.72,90.78,88.44,90.13,893385
2024-12-20,BANCO,90.13,90.21,89.71,89.9,1561834
2024-12-23,BANCO,89.9,90.87,89.08,89.5,1457781
2024-12-24,BANCO,89.5,90.03,88.87,89.85,890810
2024-12-25,BANCO,89.85,90.67,87.69,88.22,2562124
2024-12-26,BANCO,88.22,89.88,88.16,89.67,1715320
2024-12-27,BANCO,89.67,89.85,89.03,89.44,1160650
2024-12-30,BANCO,89.44,90.48,85.59,86.18,1288993
2024-12-31,BANCO,86.18,88.6,86.11,88.13,1430032
2023-01-02,RETAIL,45.0,45.63,44.85,45.19,1839562
2023-01-03,RETAIL,45.19,45.27,44.8,45.0,1804778
2023-01-04,RETAIL,45.0,45.35,44.98,45.17,1265956
2023-01-05,RETAIL,45.17,45.76,43.17,43.2,1704260
2023-01-06,RETAIL,43.2,43.99,42.97,43.79,1366066
2023-01-09,RETAIL,43.79,44.43,43.56,43.78,1634145
2023-01-10,RETAIL,43.78,44.06,42.54,42.83,1343487
2023-01-11,RETAIL,42.83,42.84,41.47,41.89,1614591
2023-01-12,RETAIL,41.89,42.61,41.56,42.29,1002632
2023-01-13,RETAIL,42.29,43.46,42.21,43.2,1853252
2023-01-16,RETAIL,43.2,44.48,43.07,43.76,1355309
2023-01-17,RETAIL,43.76,44.99,43.44,44.79,1275917
2023-01-18,RETAIL,44.79,45.1,43.49,44.32,2122249
2023-01-19,RETAIL,44.32,44.42,43.84,44.07,1706518
2023-01-20,RETAIL,44.07,44.38,42.87,43.22,1344924
2023-01-23,RETAIL,43.22,43.42,43.0,43.16,1404974
2023-01-24,RETAIL,43.16,44.13,42.64,43.83,1251055
2023-01-25,RETAIL,43.83,44.43,43.58,44.4,1366595
2023-01-26,RETAIL,44.4,44.81,44.06,44.12,2142668
2023-01-27,RETAIL,44.12,44.32,43.0,43.12,1517329
2023-01-30,RETAIL,43.12,43.62,41.77,41.83,1238190
2023-01-31,RETAIL,41.83,41.85,40.83,40.95,1560026
2023-02-01,RETAIL,40.95,41.14,40.58,40.94,1690450
2023-02-02,RETAIL,40.94,41.18,40.82,41.17,1784249
2023-02-03,RETAIL,41.17,42.04,40.99,41.94,1091517
2023-02-06,RETAIL,41.94,42.27,40.57,41.2,1509579
2023-02-07,RETAIL,41.2,41.52,40.19,40.9,1215040
2023-02-08,RETAIL,40.9,41.38,40.84,41.16,1087571
2023-02-09,RETAIL,41.16,41.48,40.25,40.47,1494396
2023-02-10,RETAIL,40.47,40.52,40.4,40.5,1531332
2023-02-13,RETAIL,40.5,40.92,39.95,40.38,1706586
2023-02-14,RETAIL,40.38,41.29,40.3,41.17,1506854
2023-02-15,RETAIL,41.17,41.63,40.68,41.39,1705177
2023-02-16,RETAIL,41.39,42.38,40.77,41.95,1247089
2023-02-17,RETAIL,41.95,42.22,41.65,42.08,1637903
2023-02-20,RETAIL,42.08,42.25,41.49,41.57,1417199
2023-02-21,RETAIL,41.57,42.53,41.56,42.31,1516995
2023-02-22,RETAIL,42.31,42.57,42.0,42.38,991572
2023-02-23,RETAIL,42.38,42.63,42.17,42.56,1431268
2023-02-24,RETAIL,42.56,42.68,42.26,42.48,1749261
2023-02-27,RETAIL,42.48,43.01,42.0,42.85,2078205
2023-02-28,RETAIL,42.85,43.01,42.37,42.97,1519902
2023-03-01,RETAIL,42.97,43.33,42.79,43.19,870282
2023-03-02,RETAIL,43.19,44.08,41.74,42.22,1585114
2023-03-03,RETAIL,42.22,42.55,41.56,42.49,1223511
2023-03-06,RETAIL,42.49,43.39,42.25,42.44,1545972
2023-03-07,RETAIL,42.44,42.81,41.69,42.05,2003407
2023-03-08,RETAIL,42.05,42.9,41.82,42.69,942213
2023-03-09,RETAIL,42.69,42.9,42.69,42.86,1147579
2023-03-10,RETAIL,42.86,43.16,42.57,42.83,1428504
2023-03-13,RETAIL,42.83,43.65,42.73,43.59,1820135
2023-03-14,RETAIL,43.59,44.32,43.46,44.28,1340270
2023-03-15,RETAIL,44.28,44.48,44.12,44.41,1230859
2023-03-16,RETAIL,44.41,44.43,43.0,43.36,1160095
2023-03-17,RETAIL,43.36,43.85,42.22,42.25,1435130
2023-03-20,RETAIL,42.25,42.27,41.57,41.76,1381264
2023-03-21,RETAIL,41.76,43.11,40.92,42.52,1030544
2023-03-22,RETAIL,42.52,42.88,42.06,42.22,1474368
2023-03-23,RETAIL,42.22,42.61,41.68,42.27,489830
2023-03-24,RETAIL,42.27,42.92,41.83,42.54,1365135
2023-03-27,RETAIL,42.54,43.13,41.24,41.56,1469162
2023-03-28,RETAIL,41.56,43.43,41.46,43.16,1953067
2023-03-29,RETAIL,43.16,43.17,42.77,43.0,1715305
2023-03-30,RETAIL,43.0,43.11,42.23,42.43,1731003
2023-03-31,RETAIL,42.43,43.02,42.3,42.94,944924
2023-04-03,RETAIL,42.94,43.26,41.68,42.52,929058
2023-04-04,RETAIL,42.52,42.58,42.15,42.24,2166077
2023-04-05,RETAIL,42.24,42.68,42.2,42.29,1345145
2023-04-06,RETAIL,42.29,42.83,41.96,42.25,1251756
2023-04-07,RETAIL,42.25,42.89,42.18,42.8,1200349
2023-04-10,RETAIL,42.8,43.2,41.79,42.83,1473863
2023-04-11,RETAIL,42.83,43.07,41.35,41.56,1881939
2023-04-12,RETAIL,41.56,41.97,41.26,41.47,1323580
2023-04-13,RETAIL,41.47,43.67,41.01,43.2,1900346
2023-04-14,RETAIL,43.2,43.23,41.83,41.86,1793819
2023-04-17,RETAIL,41.86,42.07,41.26,41.51,1803565
2023-04-18,RETAIL,41.51,41.97,41.38,41.78,1413347
2023-04-19,RETAIL,41.78,43.07,41.28,42.82,1958504
2023-04-20,RETAIL,42.82,43.02,41.91,42.13,1785399
2023-04-21,RETAIL,42.13,42.43,41.26,41.43,887748
2023-04-24,RETAIL,41.43,41.71,41.04,41.18,1675396
2023-04-25,RETAIL,41.18,41.49,40.89,40.92,1682233
2023-04-26,RETAIL,40.92,41.32,40.13,40.69,1768872
2023-04-27,RETAIL,40.69,41.39,40.67,40.93,2049407
2023-04-28,RETAIL,40.93,41.23,40.04,40.56,563401
2023-05-01,RETAIL,40.56,41.04,40.52,40.78,1413713
2023-05-02,RETAIL,40.78,40.88,39.58,40.02,1403075
2023-05-03,RETAIL,40.02,40.02,39.27,39.38,2098141
2023-05-04,RETAIL,39.38,39.93,39.08,39.27,1840539
2023-05-05,RETAIL,39.27,39.84,39.06,39.75,1251984
2023-05-08,RETAIL,39.75,39.99,39.64,39.64,635332
2023-05-09,RETAIL,39.64,40.12,38.9,39.07,1566678
2023-05-10,RETAIL,39.07,39.18,38.47,38.83,1796640
2023-05-11,RETAIL,38.83,39.45,38.49,39.01,1452576
2023-05-12,RETAIL,39.01,39.11,38.87,39.07,1321336
2023-05-15,RETAIL,39.07,39.3,37.48,37.57,2015443
2023-05-16,RETAIL,37.57,37.83,37.04,37.23,1328971
2023-05-17,RETAIL,37.23,38.25,36.64,37.71,1701977
2023-05-18,RETAIL,37.71,38.47,37.59,38.45,731058
2023-05-19,RETAIL,38.45,38.64,38.1,38.61,1537762
2023-05-22,RETAIL,38.61,38.96,38.24,38.81,1728852
2023-05-23,RETAIL,38.81,40.39,38.38,40.37,1472072
2023-05-24,RETAIL,40.37,42.22,40.34,41.6,1305567
2023-05-25,RETAIL,41.6,41.98,41.44,41.93,1210034
2023-05-26,RETAIL,41.93,42.15,40.71,40.84,2154836
2023-05-29,RETAIL,40.84,41.71,40.79,41.48,1188210
2023-05-30,RETAIL,41.48,42.89,41.47,42.18,1600463
2023-05-31,RETAIL,42.18,43.11,41.72,42.83,1672005
2023-06-01,RETAIL,42.83,43.15,41.61,41.74,1560946
2023-06-02,RETAIL,41.74,41.98,41.64,41.93,1651459
2023-06-05,RETAIL,41.93,42.42,41.45,42.2,1756345
2023-06-06,RETAIL,42.2,42.98,42.12,42.58,1492756
2023-06-07,RETAIL,42.58,43.17,42.31,43.14,1799835
2023-06-08,RETAIL,43.14,43.68,42.62,43.57,1422188
2023-06-09,RETAIL,43.57,43.67,42.81,43.38,1080108
2023-06-12,RETAIL,43.38,43.54,41.52,41.67,1626536
2023-06-13,RETAIL,41.67,43.01,40.97,42.76,1295141
2023-06-14,RETAIL,42.76,42.81,42.42,42.75,961667
2023-06-15,RETAIL,42.75,43.88,42.61,43.82,2006716
2023-06-16,RETAIL,43.82,44.39,42.35,42.69,1561019
2023-06-19,RETAIL,42.69,43.0,42.37,42.69,1717560
2023-06-20,RETAIL,42.69,43.26,42.36,43.16,1443594
2023-06-21,RETAIL,43.16,43.72,41.53,41.68,1323440
2023-06-22,RETAIL,41.68,42.13,40.36,40.78,1005632
2023-06-23,RETAIL,40.78,41.38,40.61,41.27,1754735
2023-06-26,RETAIL,41.27,41.44,41.14,41.18,1629826
2023-06-27,RETAIL,41.18,41.96,41.0,41.79,1713803
2023-06-28,RETAIL,41.79,42.05,41.62,41.68,1403250
2023-06-29,RETAIL,41.68,41.79,40.48,40.67,1617129
2023-06-30,RETAIL,40.67,40.85,39.97,39.97,2317229
2023-07-03,RETAIL,39.97,40.39,39.9,40.25,1513465
2023-07-04,RETAIL,40.25,40.32,39.48,40.07,1255124
2023-07-05,RETAIL,40.07,40.49,39.24,39.47,1394274
2023-07-06,RETAIL,39.47,39.98,38.64,39.43,1732398
2023-07-07,RETAIL,39.43,39.89,39.17,39.23,2028979
2023-07-10,RETAIL,39.23,39.69,38.95,39.59,1609226
2023-07-11,RETAIL,39.59,40.08,39.46,39.59,1469117
2023-07-12,RETAIL,39.59,39.83,38.63,38.76,1298566
2023-07-13,RETAIL,38.76,39.43,38.71,39.15,1748596
2023-07-14,RETAIL,39.15,40.18,38.38,40.03,2057622
2023-07-17,RETAIL,40.03,40.63,39.41,40.54,1631629
2023-07-18,RETAIL,40.54,40.94,40.44,40.83,1293902
2023-07-19,RETAIL,40.83,41.28,40.53,40.86,1611525
2023-07-20,RETAIL,40.86,41.71,40.64,41.57,1214531
2023-07-21,RETAIL,41.57,41.69,39.49,39.77,1672564
2023-07-24,RETAIL,39.77,40.9,39.39,40.53,1159274
2023-07-25,RETAIL,40.53,40.95,40.17,40.63,1193693
2023-07-26,RETAIL,40.63,40.69,40.4,40.59,2036705
2023-07-27,RETAIL,40.59,41.29,40.21,41.09,1488746
2023-07-28,RETAIL,41.09,41.72,40.74,41.66,1117480
2023-07-31,RETAIL,41.66,43.25,41.56,42.39,1141580
2023-08-01,RETAIL,42.39,42.75,41.79,41.83,1729761
2023-08-02,RETAIL,41.83,42.08,40.98,42.0,421331
2023-08-03,RETAIL,42.0,42.74,41.95,42.38,885576
2023-08-04,RETAIL,42.38,42.71,42.33,42.52,1840356
2023-08-07,RETAIL,42.52,42.79,41.51,42.01,1261365
2023-08-08,RETAIL,42.01,42.33,41.56,41.81,1691599
2023-08-09,RETAIL,41.81,42.09,40.96,41.32,1240036
2023-08-10,RETAIL,41.32,42.86,40.79,42.75,1055477
2023-08-11,RETAIL,42.75,42.91,41.96,42.41,1866493
2023-08-14,RETAIL,42.41,43.04,41.34,41.5,1194302
2023-08-15,RETAIL,41.5,41.52,40.11,40.23,1519155
2023-08-16,RETAIL,40.23,40.26,39.49,39.94,1054551
2023-08-17,RETAIL,39.94,40.12,39.91,39.95,1634846
2023-08-18,RETAIL,39.95,40.23,39.32,39.39,1225478
2023-08-21,RETAIL,39.39,40.09,38.53,39.7,1132255
2023-08-22,RETAIL,39.7,40.54,39.52,40.49,1738160
2023-08-23,RETAIL,40.49,40.87,39.76,40.01,1345491
2023-08-24,RETAIL,40.01,40.47,39.03,39.56,1174907
2023-08-25,RETAIL,39.56,40.42,39.42,40.25,1667402
2023-08-28,RETAIL,40.25,40.71,38.21,38.59,1878612
2023-08-29,RETAIL,38.59,38.75,38.01,38.06,1061273
2023-08-30,RETAIL,38.06,38.21,37.33,37.41,916482
2023-08-31,RETAIL,37.41,37.63,37.01,37.56,1588831
2023-09-01,RETAIL,37.56,38.55,37.09,38.17,1929083
2023-09-04,RETAIL,38.17,38.4,37.55,37.58,1130743
2023-09-05,RETAIL,37.58,38.52,37.38,38.26,1212574
2023-09-06,RETAIL,38.26,38.63,36.67,37.02,1880037
2023-09-07,RETAIL,37.02,37.87,37.0,37.81,1355180
2023-09-08,RETAIL,37.81,37.95,35.98,36.38,1611305
2023-09-11,RETAIL,36.38,36.58,35.59,36.19,2061482
2023-09-12,RETAIL,36.19,36.42,35.06,35.38,1651398
2023-09-13,RETAIL,35.38,36.25,34.98,36.19,1115969
2023-09-14,RETAIL,36.19,36.28,35.37,35.85,1850643
2023-09-15,RETAIL,35.85,36.38,34.92,34.96,2511262
2023-09-18,RETAIL,34.96,35.64,34.77,35.25,1287814
2023-09-19,RETAIL,35.25,35.44,35.05,35.39,777993
2023-09-20,RETAIL,35.39,36.18,35.26,35.93,1175096
2023-09-21,RETAIL,35.93,36.06,35.7,35.96,1397491
2023-09-22,RETAIL,35.96,36.1,35.6,35.73,1088878
2023-09-25,RETAIL,35.73,36.87,35.4,36.56,1458152
2023-09-26,RETAIL,36.56,37.72,36.47,37.36,1210381
2023-09-27,RETAIL,37.36,37.36,35.67,36.31,1977485
2023-09-28,RETAIL,36.31,36.82,36.11,36.81,1326026
2023-09-29,RETAIL,36.81,37.42,36.27,37.09,1760743
2023-10-02,RETAIL,37.09,37.99,37.08,37.44,1808074
2023-10-03,RETAIL,37.44,37.98,37.12,37.75,2212715
2023-10-04,RETAIL,37.75,37.83,37.57,37.62,1481756
2023-10-05,RETAIL,37.62,38.09,37.42,37.98,2009510
2023-10-06,RETAIL,37.98,38.06,37.19,37.27,1512849
2023-10-09,RETAIL,37.27,38.45,37.03,38.33,1427656
2023-10-10,RETAIL,38.33,38.44,37.38,37.68,1003248
2023-10-11,RETAIL,37.68,37.85,37.25,37.47,1681586
2023-10-12,RETAIL,37.47,37.92,36.84,37.02,2028364
2023-10-13,RETAIL,37.02,37.38,36.89,37.17,1597815
2023-10-16,RETAIL,37.17,37.33,36.92,37.24,951035
2023-10-17,RETAIL,37.24,37.54,37.15,37.53,1731245
2023-10-18,RETAIL,37.53,37.92,37.14,37.7,1554679
2023-10-19,RETAIL,37.7,38.88,37.57,38.44,1098574
2023-10-20,RETAIL,38.44,38.63,37.34,37.7,1406141
2023-10-23,RETAIL,37.7,38.1,37.65,38.01,2168724
2023-10-24,RETAIL,38.01,39.29,37.58,39.23,1227975
2023-10-25,RETAIL,39.23,39.39,39.02,39.18,1476433
2023-10-26,RETAIL,39.18,39.52,38.54,38.81,1343842
2023-10-27,RETAIL,38.81,38.81,38.49,38.61,2074643
2023-10-30,RETAIL,38.61,39.31,38.28,38.34,1363874
2023-10-31,RETAIL,38.34,38.65,38.17,38.22,1297344
2023-11-01,RETAIL,38.22,38.66,37.35,37.56,1744668
2023-11-02,RETAIL,37.56,37.77,35.52,35.65,1636781
2023-11-03,RETAIL,35.65,36.38,35.44,36.13,1118562
2023-11-06,RETAIL,36.13,36.36,35.61,35.91,1176846
2023-11-07,RETAIL,35.91,36.32,35.34,35.64,1546633
2023-11-08,RETAIL,35.64,36.59,35.56,36.17,1505873
2023-11-09,RETAIL,36.17,36.98,35.45,35.66,2131436
2023-11-10,RETAIL,35.66,36.38,35.37,35.99,1776437
2023-11-13,RETAIL,35.99,37.32,35.88,36.78,1575957
2023-11-14,RETAIL,36.78,37.03,36.49,36.67,1491060
2023-11-15,RETAIL,36.67,37.58,36.2,37.27,1109489
2023-11-16,RETAIL,37.27,37.29,36.93,36.97,2664769
2023-11-17,RETAIL,36.97,37.23,36.97,37.18,1144120
2023-11-20,RETAIL,37.18,37.66,36.67,37.45,827075
2023-11-21,RETAIL,37.45,38.23,37.2,37.96,1085207
2023-11-22,RETAIL,37.96,38.58,37.95,38.37,1213944
2023-11-23,RETAIL,38.37,38.92,38.34,38.62,1276026
2023-11-24,RETAIL,38.62,39.39,38.59,39.36,1285725
2023-11-27,RETAIL,39.36,39.63,38.96,39.29,1519851
2023-11-28,RETAIL,39.29,39.67,38.92,39.6,1735435
2023-11-29,RETAIL,39.6,39.68,39.16,39.51,1429329
2023-11-30,RETAIL,39.51,40.51,39.01,40.08,2063626
2023-12-01,RETAIL,40.08,40.86,39.93,40.38,1917224
2023-12-04,RETAIL,40.38,40.63,39.69,39.83,1435457
2023-12-05,RETAIL,39.83,40.05,38.99,39.0,1362941
2023-12-06,RETAIL,39.0,39.82,38.62,39.58,1323290
2023-12-07,RETAIL,39.58,40.09,39.51,39.99,2076101
2023-12-08,RETAIL,39.99,40.56,38.81,38.96,1605948
2023-12-11,RETAIL,38.96,39.05,38.18,38.61,1405762
2023-12-12,RETAIL,38.61,38.68,37.46,37.74,1037016
2023-12-13,RETAIL,37.74,38.1,37.64,38.04,1412044
2023-12-14,RETAIL,38.04,38.64,36.84,37.36,839412
2023-12-15,RETAIL,37.36,38.06,37.13,37.94,1711378
2023-12-18,RETAIL,37.94,38.23,37.92,37.94,821422
2023-12-19,RETAIL,37.94,38.18,37.68,37.91,1477569
2023-12-20,RETAIL,37.91,38.08,37.4,37.47,1722575
2023-12-21,RETAIL,37.47,37.89,37.32,37.49,2476828
2023-12-22,RETAIL,37.49,37.72,36.44,36.56,1579872
2023-12-25,RETAIL,36.56,38.13,36.23,37.98,789782
2023-12-26,RETAIL,37.98,38.15,36.87,37.05,771679
2023-12-27,RETAIL,37.05,37.41,36.41,36.45,1735900
2023-12-28,RETAIL,36.45,36.92,36.41,36.49,2383285
2023-12-29,RETAIL,36.49,36.8,34.88,35.39,1013281
2024-01-01,RETAIL,35.39,35.73,34.75,34.9,1321595
2024-01-02,RETAIL,34.9,35.45,34.83,35.38,1594333
2024-01-03,RETAIL,35.38,35.62,34.94,35.22,1508193
2024-01-04,RETAIL,35.22,35.31,34.8,34.99,1809591
2024-01-05,RETAIL,34.99,36.4,34.97,36.02,1221514
2024-01-08,RETAIL,36.02,36.56,35.97,36.26,1073730
2024-01-09,RETAIL,36.26,36.53,35.81,35.92,397319
2024-01-10,RETAIL,35.92,36.4,35.36,35.64,1495829
2024-01-11,RETAIL,35.64,35.86,35.5,35.82,1319289
2024-01-12,RETAIL,35.82,36.72,35.68,36.24,1288627
2024-01-15,RETAIL,36.24,36.25,35.36,35.64,2110571
2024-01-16,RETAIL,35.64,36.04,35.45,36.0,1995152
2024-01-17,RETAIL,36.0,36.32,34.95,35.09,1187411
2024-01-18,RETAIL,35.09,35.38,34.61,34.82,1246806
2024-01-19,RETAIL,34.82,35.29,33.95,34.52,1426698
2024-01-22,RETAIL,34.52,34.66,33.87,33.88,939878
2024-01-23,RETAIL,33.88,34.51,33.63,34.4,1382925
2024-01-24,RETAIL,34.4,34.82,33.71,33.75,1046587
2024-01-25,RETAIL,33.75,34.42,33.61,34.01,1485338
2024-01-26,RETAIL,34.01,34.93,33.77,34.91,1517324
2024-01-29,RETAIL,34.91,35.82,34.65,35.49,1717931
2024-01-30,RETAIL,35.49,36.0,34.76,34.91,1948772
2024-01-31,RETAIL,34.91,35.2,34.76,35.12,1733590
2024-02-01,RETAIL,35.12,35.5,35.11,35.47,1565772
2024-02-02,RETAIL,35.47,35.67,34.79,35.09,1594725
2024-02-05,RETAIL,35.09,35.31,34.82,35.14,1367139
2024-02-06,RETAIL,35.14,35.18,34.35,34.56,1018882
2024-02-07,RETAIL,34.56,35.12,34.49,35.09,1441645
2024-02-08,RETAIL,35.09,35.2,34.15,34.7,1326805
2024-02-09,RETAIL,34.7,35.02,33.98,34.2,1304104
2024-02-12,RETAIL,34.2,34.35,34.07,34.18,1967780
2024-02-13,RETAIL,34.18,34.22,32.95,33.6,2151500
2024-02-14,RETAIL,33.6,33.9,32.44,32.96,1788708
2024-02-15,RETAIL,32.96,33.86,32.93,33.78,1411574
2024-02-16,RETAIL,33.78,34.66,33.68,34.29,1590939
2024-02-19,RETAIL,34.29,35.73,34.02,35.35,1895170
2024-02-20,RETAIL,35.35,35.59,35.17,35.45,1426050
2024-02-21,RETAIL,35.45,35.89,35.41,35.82,1926403
2024-02-22,RETAIL,35.82,36.53,35.71,36.22,1881872
2024-02-23,RETAIL,36.22,37.0,35.93,37.0,1879980
2024-02-26,RETAIL,37.0,37.04,36.47,36.57,2213431
2024-02-27,RETAIL,36.57,37.01,36.19,36.52,1857912
2024-02-28,RETAIL,36.52,36.52,35.87,36.39,1874081
2024-02-29,RETAIL,36.39,36.94,35.25,35.68,1648680
2024-03-01,RETAIL,35.68,36.04,35.41,35.97,1274847
2024-03-04,RETAIL,35.97,36.07,35.13,35.61,1273050
2024-03-05,RETAIL,35.61,35.62,35.08,35.5,1384622
2024-03-06,RETAIL,35.5,36.12,34.38,34.94,984885
2024-03-07,RETAIL,34.94,35.28,34.5,35.26,1641577
2024-03-08,RETAIL,35.26,35.33,34.83,35.13,1904057
2024-03-11,RETAIL,35.13,36.92,35.11,36.22,1749921
2024-03-12,RETAIL,36.22,36.38,35.96,36.16,1294440
2024-03-13,RETAIL,36.16,36.32,34.87,34.97,1561587
2024-03-14,RETAIL,34.97,35.12,34.75,34.99,1964803
2024-03-15,RETAIL,34.99,35.57,34.58,35.46,764591
2024-03-18,RETAIL,35.46,36.4,35.11,36.18,1631840
2024-03-19,RETAIL,36.18,36.57,35.99,36.14,1792544
2024-03-20,RETAIL,36.14,36.61,35.93,36.59,740815
2024-03-21,RETAIL,36.59,37.06,36.44,37.01,1727238
2024-03-22,RETAIL,37.01,37.84,36.96,37.57,1600975
2024-03-25,RETAIL,37.57,38.04,37.5,37.54,1511165
2024-03-26,RETAIL,37.54,38.67,36.78,38.34,1135471
2024-03-27,RETAIL,38.34,38.89,37.81,38.12,1247381
2024-03-28,RETAIL,38.12,38.35,37.93,38.34,1145847
2024-03-29,RETAIL,38.34,38.56,38.25,38.31,765535
2024-04-01,RETAIL,38.31,38.83,38.3,38.8,897057
2024-04-02,RETAIL,38.8,39.04,38.56,38.92,1649387
2024-04-03,RETAIL,38.92,39.93,38.63,39.81,2264991
2024-04-04,RETAIL,39.81,39.82,39.36,39.77,2013811
2024-04-05,RETAIL,39.77,40.27,39.17,39.61,1265161
2024-04-08,RETAIL,39.61,39.63,38.72,39.01,1729638
2024-04-09,RETAIL,39.01,39.88,38.49,39.07,1709912
2024-04-10,RETAIL,39.07,39.6,38.8,39.11,1218831
2024-04-11,RETAIL,39.11,40.82,38.3,40.01,1684508
2024-04-12,RETAIL,40.01,40.64,39.55,40.39,1216131
2024-04-15,RETAIL,40.39,40.74,39.84,39.98,483713
2024-04-16,RETAIL,39.98,41.02,39.98,40.86,1841132
2024-04-17,RETAIL,40.86,41.19,40.37,41.02,862767
2024-04-18,RETAIL,41.02,42.3,40.62,41.85,1581904
2024-04-19,RETAIL,41.85,43.07,41.58,42.5,1553820
2024-04-22,RETAIL,42.5,42.87,42.49,42.87,1911784
2024-04-23,RETAIL,42.87,43.02,42.25,42.88,1696555
2024-04-24,RETAIL,42.88,43.32,42.8,43.23,2309450
2024-04-25,RETAIL,43.23,44.36,43.12,44.03,1338380
2024-04-26,RETAIL,44.03,44.82,43.6,44.23,1503398
2024-04-29,RETAIL,44.23,44.37,43.59,43.86,1551392
2024-04-30,RETAIL,43.86,44.58,43.65,44.45,1504238
2024-05-01,RETAIL,44.45,45.56,44.22,45.15,1388228
2024-05-02,RETAIL,45.15,46.77,44.65,46.1,803638
2024-05-03,RETAIL,46.1,47.5,45.78,47.03,1792985
2024-05-06,RETAIL,47.03,47.61,46.67,47.56,2147798
2024-05-07,RETAIL,47.56,48.25,47.5,48.07,1547663
2024-05-08,RETAIL,48.07,48.64,47.27,48.16,1601186
2024-05-09,RETAIL,48.16,49.88,48.09,48.95,1236270
2024-05-10,RETAIL,48.95,51.59,48.62,51.29,1470662
2024-05-13,RETAIL,51.29,52.13,50.9,51.62,1586207
2024-05-14,RETAIL,51.62,53.62,50.35,53.18,1098926
2024-05-15,RETAIL,53.18,53.34,52.49,52.69,1532888
2024-05-16,RETAIL,52.69,53.76,52.2,53.24,1457981
2024-05-17,RETAIL,53.24,53.9,52.98,53.07,1234561
2024-05-20,RETAIL,53.07,53.66,52.56,53.62,2113969
2024-05-21,RETAIL,53.62,54.98,52.98,54.41,2014882
2024-05-22,RETAIL,54.41,54.54,52.31,52.62,1141087
2024-05-23,RETAIL,52.62,53.67,52.43,53.12,1892786
2024-05-24,RETAIL,53.12,53.4,51.75,52.46,1546783
2024-05-27,RETAIL,52.46,52.65,50.98,51.42,2015786
2024-05-28,RETAIL,51.42,51.84,50.86,51.12,1782426
2024-05-29,RETAIL,51.12,51.78,50.66,51.71,1833293
2024-05-30,RETAIL,51.71,53.39,51.46,52.84,1545188
2024-05-31,RETAIL,52.84,53.68,52.44,52.48,1619219
2024-06-03,RETAIL,52.48,52.73,50.68,51.59,1459044
2024-06-04,RETAIL,51.59,51.59,50.12,50.17,1524756
2024-06-05,RETAIL,50.17,50.38,49.22,49.51,1022495
2024-06-06,RETAIL,49.51,49.97,48.93,49.43,1398084
2024-06-07,RETAIL,49.43,49.5,48.26,49.02,1395728
2024-06-10,RETAIL,49.02,49.88,48.5,49.84,1935941
2024-06-11,RETAIL,49.84,50.7,48.73,49.45,2131939
2024-06-12,RETAIL,49.45,49.97,48.9,49.31,1421556
2024-06-13,RETAIL,49.31,50.59,49.15,50.57,1356170
2024-06-14,RETAIL,50.57,51.32,50.17,51.18,1024147
2024-06-17,RETAIL,51.18,52.63,50.67,52.18,1440200
2024-06-18,RETAIL,52.18,52.68,51.37,51.92,2089709
2024-06-19,RETAIL,51.92,52.93,51.38,52.41,2264251
2024-06-20,RETAIL,52.41,53.12,52.23,53.09,2017824
2024-06-21,RETAIL,53.09,53.44,51.62,51.89,1417868
2024-06-24,RETAIL,51.89,53.02,50.68,50.75,1420071
2024-06-25,RETAIL,50.75,51.52,50.68,51.28,1568467
2024-06-26,RETAIL,51.28,51.41,50.05,50.66,697222
2024-06-27,RETAIL,50.66,51.04,49.91,50.01,1431567
2024-06-28,RETAIL,50.01,51.54,49.7,50.86,1266159
2024-07-01,RETAIL,50.86,50.93,50.0,50.79,1713581
2024-07-02,RETAIL,50.79,51.73,50.58,51.62,1299898
2024-07-03,RETAIL,51.62,53.56,50.96,53.32,1326906
2024-07-04,RETAIL,53.32,55.5,52.36,54.79,1756075
2024-07-05,RETAIL,54.79,55.38,54.18,55.33,1548749
2024-07-08,RETAIL,55.33,55.96,54.79,54.79,1440789
2024-07-09,RETAIL,54.79,55.0,53.64,54.11,1279408
2024-07-10,RETAIL,54.11,54.61,53.53,54.09,1846515
2024-07-11,RETAIL,54.09,54.82,52.64,52.84,964819
2024-07-12,RETAIL,52.84,53.55,52.65,52.98,1918714
2024-07-15,RETAIL,52.98,53.21,52.17,52.88,1856567
2024-07-16,RETAIL,52.88,54.16,52.51,53.89,1107730
2024-07-17,RETAIL,53.89,54.37,53.51,53.66,786975
2024-07-18,RETAIL,53.66,53.8,52.08,52.25,1798910
2024-07-19,RETAIL,52.25,53.23,51.9,52.66,2130974
2024-07-22,RETAIL,52.66,53.33,51.86,52.59,1827968
2024-07-23,RETAIL,52.59,52.75,50.6,51.23,1249572
2024-07-24,RETAIL,51.23,52.4,51.09,51.69,1605659
2024-07-25,RETAIL,51.69,52.79,51.12,52.37,1408301
2024-07-26,RETAIL,52.37,53.48,52.18,53.1,2505931
2024-07-29,RETAIL,53.1,54.37,52.75,54.14,1930346
2024-07-30,RETAIL,54.14,55.7,53.97,55.19,1119881
2024-07-31,RETAIL,55.19,55.99,55.09,55.69,1077260
2024-08-01,RETAIL,55.69,56.84,55.49,55.5,1669475
2024-08-02,RETAIL,55.5,55.67,54.5,55.1,1939203
2024-08-05,RETAIL,55.1,55.42,54.68,55.0,1155438
2024-08-06,RETAIL,55.0,55.5,53.87,54.46,1531086
2024-08-07,RETAIL,54.46,54.66,54.27,54.4,1695110
2024-08-08,RETAIL,54.4,54.77,52.53,53.7,1997983
2024-08-09,RETAIL,53.7,54.05,53.41,53.85,1629663
2024-08-12,RETAIL,53.85,54.59,53.24,54.0,1412646
2024-08-13,RETAIL,54.0,54.72,53.52,54.32,2020536
2024-08-14,RETAIL,54.32,55.23,54.31,54.74,1125043
2024-08-15,RETAIL,54.74,54.74,53.7,54.07,1613340
2024-08-16,RETAIL,54.07,56.08,53.91,55.47,1239511
2024-08-19,RETAIL,55.47,55.75,54.96,55.38,1110590
2024-08-20,RETAIL,55.38,57.26,54.97,57.08,2049763
2024-08-21,RETAIL,57.08,57.35,55.49,55.57,1427491
2024-08-22,RETAIL,55.57,55.87,55.48,55.63,1019181
2024-08-23,RETAIL,55.63,56.48,55.47,56.07,685506
2024-08-26,RETAIL,56.07,56.15,55.02,55.08,1686876
2024-08-27,RETAIL,55.08,55.22,54.85,54.96,1388993
2024-08-28,RETAIL,54.96,55.49,54.54,54.7,1477031
2024-08-29,RETAIL,54.7,55.94,54.5,55.59,1513680
2024-08-30,RETAIL,55.59,56.16,55.29,55.84,2149429
2024-09-02,RETAIL,55.84,56.59,55.69,56.16,1532018
2024-09-03,RETAIL,56.16,57.1,56.08,56.67,1406118
2024-09-04,RETAIL,56.67,57.34,53.46,54.46,953091
2024-09-05,RETAIL,54.46,55.46,53.66,55.35,997655
2024-09-06,RETAIL,55.35,56.98,54.29,56.43,888722
2024-09-09,RETAIL,56.43,56.47,55.73,56.18,1580532
2024-09-10,RETAIL,56.18,56.92,56.13,56.42,1051954
2024-09-11,RETAIL,56.42,56.96,55.06,55.32,1665583
2024-09-12,RETAIL,55.32,55.9,54.31,55.54,1281365
2024-09-13,RETAIL,55.54,55.94,54.97,55.86,1580596
2024-09-16,RETAIL,55.86,56.4,55.57,56.33,1168678
2024-09-17,RETAIL,56.33,56.34,55.56,55.71,840699
2024-09-18,RETAIL,55.71,55.96,55.07,55.87,1543562
2024-09-19,RETAIL,55.87,56.23,55.63,55.83,1854334
2024-09-20,RETAIL,55.83,56.36,55.2,56.29,1493257
2024-09-23,RETAIL,56.29,56.97,55.27,56.82,1375363
2024-09-24,RETAIL,56.82,59.02,56.52,58.39,933405
2024-09-25,RETAIL,58.39,60.22,58.15,60.11,2190001
2024-09-26,RETAIL,60.11,60.39,59.67,59.77,2017601
2024-09-27,RETAIL,59.77,60.42,58.22,58.44,1485746
2024-09-30,RETAIL,58.44,58.71,54.74,55.58,962765
2024-10-01,RETAIL,55.58,57.57,55.52,56.94,1469953
2024-10-02,RETAIL,56.94,57.88,56.83,57.54,1341805
2024-10-03,RETAIL,57.54,58.11,57.46,57.8,1455953
2024-10-04,RETAIL,57.8,58.13,57.37,57.8,1800897
2024-10-07,RETAIL,57.8,57.87,57.09,57.59,1285284
2024-10-08,RETAIL,57.59,58.19,57.52,58.17,2203048
2024-10-09,RETAIL,58.17,58.38,58.01,58.14,1819689
2024-10-10,RETAIL,58.14,58.69,56.1,57.44,727631
2024-10-11,RETAIL,57.44,57.53,55.43,55.65,1202594
2024-10-14,RETAIL,55.65,57.03,54.93,56.83,947476
2024-10-15,RETAIL,56.83,57.01,56.11,56.25,1048697
2024-10-16,RETAIL,56.25,57.0,55.79,56.91,2012363
2024-10-17,RETAIL,56.91,58.85,56.8,58.48,1578032
2024-10-18,RETAIL,58.48,58.76,58.25,58.57,1608904
2024-10-21,RETAIL,58.57,60.57,58.16,59.76,2023196
2024-10-22,RETAIL,59.76,60.37,59.46,59.78,1658559
2024-10-23,RETAIL,59.78,60.46,59.71,60.07,1251047
2024-10-24,RETAIL,60.07,60.18,58.29,58.43,2176990
2024-10-25,RETAIL,58.43,59.62,57.85,59.48,836092
2024-10-28,RETAIL,59.48,59.53,56.56,57.05,1448808
2024-10-29,RETAIL,57.05,57.94,56.35,57.6,2660346
2024-10-30,RETAIL,57.6,58.81,57.3,58.56,1399112
2024-10-31,RETAIL,58.56,58.73,58.15,58.24,1518273
2024-11-01,RETAIL,58.24,58.65,57.88,58.61,1009630
2024-11-04,RETAIL,58.61,58.68,58.23,58.36,1521198
2024-11-05,RETAIL,58.36,59.02,57.93,58.8,1394548
2024-11-06,RETAIL,58.8,59.35,57.94,59.06,1537608
2024-11-07,RETAIL,59.06,59.25,58.26,58.43,1767701
2024-11-08,RETAIL,58.43,59.98,57.49,59.9,1418306
2024-11-11,RETAIL,59.9,61.01,59.33,59.35,1050332
2024-11-12,RETAIL,59.35,59.38,58.19,59.0,697563
2024-11-13,RETAIL,59.0,60.12,58.4,59.91,891816
2024-11-14,RETAIL,59.91,60.29,57.8,58.53,811735
2024-11-15,RETAIL,58.53,59.82,57.98,58.9,1844711
2024-11-18,RETAIL,58.9,59.28,58.46,58.79,1620441
2024-11-19,RETAIL,58.79,59.64,56.96,57.58,1601020
2024-11-20,RETAIL,57.58,58.36,56.98,57.93,1747690
2024-11-21,RETAIL,57.93,58.48,57.62,58.47,822925
2024-11-22,RETAIL,58.47,58.67,57.28,57.37,1340653
2024-11-25,RETAIL,57.37,57.38,57.08,57.29,1727104
2024-11-26,RETAIL,57.29,57.3,56.86,56.96,964726
2024-11-27,RETAIL,56.96,58.81,56.62,58.64,925196
2024-11-28,RETAIL,58.64,59.21,58.55,58.87,1383459
2024-11-29,RETAIL,58.87,59.51,58.33,59.36,1449985
2024-12-02,RETAIL,59.36,60.28,59.34,60.18,1910443
2024-12-03,RETAIL,60.18,60.88,59.9,60.52,1400053
2024-12-04,RETAIL,60.52,61.17,59.57,60.15,2457258
2024-12-05,RETAIL,60.15,62.22,59.98,61.19,1729424
2024-12-06,RETAIL,61.19,64.39,60.75,63.84,1648710
2024-12-09,RETAIL,63.84,64.07,61.13,61.55,1555899
2024-12-10,RETAIL,61.55,61.71,60.17,60.29,2113137
2024-12-11,RETAIL,60.29,62.75,60.07,61.4,1864819
2024-12-12,RETAIL,61.4,61.99,59.17,59.39,1398070
2024-12-13,RETAIL,59.39,59.51,57.59,57.89,1898327
2024-12-16,RETAIL,57.89,58.63,57.87,58.36,2089555
2024-12-17,RETAIL,58.36,59.14,56.06,56.89,1462980
2024-12-18,RETAIL,56.89,56.92,56.02,56.05,976024
2024-12-19,RETAIL,56.05,56.5,55.85,56.29,1497642
2024-12-20,RETAIL,56.29,56.36,56.26,56.34,1497557
2024-12-23,RETAIL,56.34,56.86,55.42,55.88,1029843
2024-12-24,RETAIL,55.88,56.79,55.71,56.07,1418825
2024-12-25,RETAIL,56.07,56.32,55.93,56.07,2719951
2024-12-26,RETAIL,56.07,56.34,54.44,54.46,1746910
2024-12-27,RETAIL,54.46,55.06,53.85,55.02,1208052
2024-12-30,RETAIL,55.02,55.47,54.27,55.23,1569316
2024-12-31,RETAIL,55.23,55.71,54.22,54.68,502213
2023-01-02,ENERGIA,90.0,91.19,89.34,90.18,1445401
2023-01-03,ENERGIA,90.18,90.51,88.72,89.91,947261
2023-01-04,ENERGIA,89.91,91.15,88.05,88.21,1092653
2023-01-05,ENERGIA,88.21,88.36,86.17,87.12,1349141
2023-01-06,ENERGIA,87.12,89.19,86.84,88.52,1270492
2023-01-09,ENERGIA,88.52,91.38,88.43,90.08,780397
2023-01-10,ENERGIA,90.08,90.27,86.73,86.95,1782741
2023-01-11,ENERGIA,86.95,88.47,86.23,86.87,1048259
2023-01-12,ENERGIA,86.87,89.24,86.74,87.81,1628927
2023-01-13,ENERGIA,87.81,88.2,86.24,86.85,1345596
2023-01-16,ENERGIA,86.85,88.56,86.58,88.36,996818
2023-01-17,ENERGIA,88.36,90.17,88.35,89.53,1835860
2023-01-18,ENERGIA,89.53,91.02,88.72,90.45,1998266
2023-01-19,ENERGIA,90.45,90.9,88.55,89.37,1409635
2023-01-20,ENERGIA,89.37,89.62,88.2,89.33,1588486
2023-01-23,ENERGIA,89.33,91.2,88.45,91.0,1267212
2023-01-24,ENERGIA,91.0,91.18,90.64,90.81,1452242
2023-01-25,ENERGIA,90.81,91.2,88.65,88.67,1097585
2023-01-26,ENERGIA,88.67,88.79,87.55,87.61,2506308
2023-01-27,ENERGIA,87.61,88.33,86.14,86.23,1817684
2023-01-30,ENERGIA,86.23,87.92,86.07,87.55,1250430
2023-01-31,ENERGIA,87.55,89.19,86.97,87.17,1457437
2023-02-01,ENERGIA,87.17,88.58,86.02,86.55,1427713
2023-02-02,ENERGIA,86.55,87.77,85.47,85.92,1107659
2023-02-03,ENERGIA,85.92,86.13,84.64,84.92,2070659
2023-02-06,ENERGIA,84.92,88.57,84.08,87.89,1019524
2023-02-07,ENERGIA,87.89,87.92,86.43,86.94,1754605
2023-02-08,ENERGIA,86.94,89.1,86.89,87.84,1482203
2023-02-09,ENERGIA,87.84,91.97,87.71,90.87,1125226
2023-02-10,ENERGIA,90.87,91.76,90.09,91.38,1639309
2023-02-13,ENERGIA,91.38,95.85,90.6,95.58,1841816
2023-02-14,ENERGIA,95.58,95.82,95.02,95.64,1234373
2023-02-15,ENERGIA,95.64,95.72,94.76,95.03,1686322
2023-02-16,ENERGIA,95.03,96.04,92.08,93.05,1483818
2023-02-17,ENERGIA,93.05,96.6,92.06,96.01,2352200
2023-02-20,ENERGIA,96.01,96.57,93.83,94.0,1533953
2023-02-21,ENERGIA,94.0,95.06,90.82,91.97,1410875
2023-02-22,ENERGIA,91.97,92.09,89.66,89.77,1856803
2023-02-23,ENERGIA,89.77,93.55,89.72,92.77,832137
2023-02-24,ENERGIA,92.77,93.95,92.02,93.24,1517832
2023-02-27,ENERGIA,93.24,94.03,92.18,93.71,1917982
2023-02-28,ENERGIA,93.71,97.69,92.91,97.48,1236411
2023-03-01,ENERGIA,97.48,99.2,96.38,96.82,1690081
2023-03-02,ENERGIA,96.82,98.8,96.55,98.2,821825
2023-03-03,ENERGIA,98.2,100.6,97.97,99.64,1083986
2023-03-06,ENERGIA,99.64,100.47,98.86,99.68,1528798
2023-03-07,ENERGIA,99.68,102.29,99.58,101.03,1298913
2023-03-08,ENERGIA,101.03,101.77,99.71,101.04,1400973
2023-03-09,ENERGIA,101.04,102.07,98.12,100.26,2147253
2023-03-10,ENERGIA,100.26,101.42,97.85,100.51,1002843
2023-03-13,ENERGIA,100.51,103.04,99.62,102.62,1511117
2023-03-14,ENERGIA,102.62,105.98,100.96,104.02,1617040
2023-03-15,ENERGIA,104.02,104.48,102.47,103.3,1835117
2023-03-16,ENERGIA,103.3,108.02,102.97,107.47,1702151
2023-03-17,ENERGIA,107.47,107.87,106.11,106.53,2047460
2023-03-20,ENERGIA,106.53,108.23,105.98,108.1,1839972
2023-03-21,ENERGIA,108.1,111.17,107.12,109.53,1527127
2023-03-22,ENERGIA,109.53,114.32,108.95,113.06,1923966
2023-03-23,ENERGIA,113.06,116.48,112.13,115.51,1827069
2023-03-24,ENERGIA,115.51,117.02,115.04,116.5,1068397
2023-03-27,ENERGIA,116.5,118.9,116.17,117.86,1652565
2023-03-28,ENERGIA,117.86,119.16,114.93,115.32,1298118
2023-03-29,ENERGIA,115.32,115.96,110.71,111.53,1824318
2023-03-30,ENERGIA,111.53,114.75,108.42,112.78,1485599
2023-03-31,ENERGIA,112.78,113.18,109.91,110.7,1587890
2023-04-03,ENERGIA,110.7,113.41,110.3,112.73,1851030
2023-04-04,ENERGIA,112.73,113.03,108.55,109.92,772323
2023-04-05,ENERGIA,109.92,112.86,107.15,111.2,1516273
2023-04-06,ENERGIA,111.2,113.71,110.44,113.15,1494028
2023-04-07,ENERGIA,113.15,114.46,110.05,110.59,1376732
2023-04-10,ENERGIA,110.59,114.84,110.01,114.68,1668122
2023-04-11,ENERGIA,114.68,115.48,113.49,113.84,1646287
2023-04-12,ENERGIA,113.84,114.57,110.23,112.47,1710116
2023-04-13,ENERGIA,112.47,115.71,111.65,115.19,1994862
2023-04-14,ENERGIA,115.19,115.65,113.55,113.56,1748202
2023-04-17,ENERGIA,113.56,115.35,112.39,114.7,1310016
2023-04-18,ENERGIA,114.7,118.64,113.51,118.48,1742523
2023-04-19,ENERGIA,118.48,118.66,117.42,118.51,1566117
2023-04-20,ENERGIA,118.51,121.53,116.97,121.31,1431759
2023-04-21,ENERGIA,121.31,123.98,120.44,123.1,1374629
2023-04-24,ENERGIA,123.1,123.69,120.05,120.81,1835156
2023-04-25,ENERGIA,120.81,121.36,119.95,120.09,1797093
2023-04-26,ENERGIA,120.09,123.5,118.43,122.73,1751829
2023-04-27,ENERGIA,122.73,123.58,122.5,122.52,821255
2023-04-28,ENERGIA,122.52,125.28,118.96,119.21,1303113
2023-05-01,ENERGIA,119.21,120.77,113.54,114.55,1497867
2023-05-02,ENERGIA,114.55,114.81,110.9,111.49,1250048
2023-05-03,ENERGIA,111.49,113.17,111.19,112.37,1540823
2023-05-04,ENERGIA,112.37,113.15,110.13,112.28,696214
2023-05-05,ENERGIA,112.28,113.44,106.95,107.66,550254
2023-05-08,ENERGIA,107.66,108.19,104.48,105.34,1078142
2023-05-09,ENERGIA,105.34,106.11,105.27,105.7,1065095
2023-05-10,ENERGIA,105.7,105.73,104.0,104.24,1650230
2023-05-11,ENERGIA,104.24,108.54,103.05,106.62,1776334
2023-05-12,ENERGIA,106.62,107.13,103.64,104.8,1685817
2023-05-15,ENERGIA,104.8,106.32,102.12,103.65,1777920
2023-05-16,ENERGIA,103.65,106.76,103.45,105.84,1935859
2023-05-17,ENERGIA,105.84,107.48,104.64,106.42,978524
2023-05-18,ENERGIA,106.42,106.78,106.13,106.43,1149174
2023-05-19,ENERGIA,106.43,107.01,103.79,106.06,1998390
2023-05-22,ENERGIA,106.06,107.11,105.36,105.37,804818
2023-05-23,ENERGIA,105.37,107.21,103.78,104.28,1277278
2023-05-24,ENERGIA,104.28,107.79,103.42,107.22,2000178
2023-05-25,ENERGIA,107.22,107.85,103.94,105.84,362730
2023-05-26,ENERGIA,105.84,106.37,104.33,104.56,1301050
2023-05-29,ENERGIA,104.56,105.39,100.66,100.89,1523551
2023-05-30,ENERGIA,100.89,101.78,99.34,101.27,776800
2023-05-31,ENERGIA,101.27,104.36,101.07,102.62,2483573
2023-06-01,ENERGIA,102.62,103.68,98.27,98.91,1384718
2023-06-02,ENERGIA,98.91,100.35,98.51,99.05,1208349
2023-06-05,ENERGIA,99.05,101.1,97.46,100.96,1196470
2023-06-06,ENERGIA,100.96,103.39,100.13,102.66,971163
2023-06-07,ENERGIA,102.66,106.47,102.54,104.74,1728165
2023-06-08,ENERGIA,104.74,105.29,98.6,101.58,1685056
2023-06-09,ENERGIA,101.58,101.74,99.99,101.32,2017893
2023-06-12,ENERGIA,101.32,101.99,99.03,99.16,1394323
2023-06-13,ENERGIA,99.16,99.47,96.93,97.54,1247750
2023-06-14,ENERGIA,97.54,101.19,96.22,98.86,932397
2023-06-15,ENERGIA,98.86,99.64,97.95,98.81,2205176
2023-06-16,ENERGIA,98.81,99.76,98.58,99.08,1306009
2023-06-19,ENERGIA,99.08,99.63,95.0,95.36,1267858
2023-06-20,ENERGIA,95.36,99.27,93.94,97.17,1422642
2023-06-21,ENERGIA,97.17,98.18,95.06,95.25,1730288
2023-06-22,ENERGIA,95.25,96.74,93.62,94.31,1438458
2023-06-23,ENERGIA,94.31,94.93,93.46,94.31,1343249
2023-06-26,ENERGIA,94.31,94.75,93.05,93.68,1572086
2023-06-27,ENERGIA,93.68,94.49,92.32,93.72,1283416
2023-06-28,ENERGIA,93.72,94.52,93.16,93.8,1733231
2023-06-29,ENERGIA,93.8,94.11,91.26,91.89,1932689
2023-06-30,ENERGIA,91.89,93.39,91.82,92.66,1356118
2023-07-03,ENERGIA,92.66,95.5,92.32,95.46,1533082
2023-07-04,ENERGIA,95.46,95.64,94.06,94.07,1387524
2023-07-05,ENERGIA,94.07,95.72,93.56,95.57,1459189
2023-07-06,ENERGIA,95.57,96.48,94.68,94.94,1437209
2023-07-07,ENERGIA,94.94,95.75,94.58,94.98,1167242
2023-07-10,ENERGIA,94.98,96.91,92.49,92.72,1868282
2023-07-11,ENERGIA,92.72,95.93,92.44,94.71,1342528
2023-07-12,ENERGIA,94.71,95.64,92.94,95.42,1384301
2023-07-13,ENERGIA,95.42,96.99,94.15,96.86,1116980
2023-07-14,ENERGIA,96.86,99.33,96.7,99.14,2103315
2023-07-17,ENERGIA,99.14,101.33,98.99,100.56,1068696
2023-07-18,ENERGIA,100.56,103.68,100.37,102.07,2022492
2023-07-19,ENERGIA,102.07,103.04,98.72,101.17,1481211
2023-07-20,ENERGIA,101.17,102.93,97.88,98.08,1540361
2023-07-21,ENERGIA,98.08,103.06,97.13,100.94,1483617
2023-07-24,ENERGIA,100.94,101.94,99.87,100.64,1888071
2023-07-25,ENERGIA,100.64,100.72,100.02,100.09,2023194
2023-07-26,ENERGIA,100.09,100.52,98.13,98.43,1503266
2023-07-27,ENERGIA,98.43,98.47,98.06,98.33,1801502
2023-07-28,ENERGIA,98.33,100.61,95.89,96.88,1479426
2023-07-31,ENERGIA,96.88,97.98,95.7,95.84,1265400
2023-08-01,ENERGIA,95.84,97.93,95.3,96.78,1689891
2023-08-02,ENERGIA,96.78,98.45,93.96,95.08,1027408
2023-08-03,ENERGIA,95.08,96.72,94.81,96.6,872190
2023-08-04,ENERGIA,96.6,97.94,93.08,93.3,1291483
2023-08-07,ENERGIA,93.3,93.78,90.17,90.96,1556670
2023-08-08,ENERGIA,90.96,91.45,90.2,90.3,1193082
2023-08-09,ENERGIA,90.3,92.16,90.1,91.75,1541189
2023-08-10,ENERGIA,91.75,92.18,90.92,91.03,1397447
2023-08-11,ENERGIA,91.03,91.36,89.44,89.63,1598078
2023-08-14,ENERGIA,89.63,90.79,88.49,89.28,1030850
2023-08-15,ENERGIA,89.28,89.54,87.72,89.24,1795788
2023-08-16,ENERGIA,89.24,91.72,88.34,90.74,1380338
2023-08-17,ENERGIA,90.74,91.02,89.3,90.66,1736795
2023-08-18,ENERGIA,90.66,92.48,87.86,88.42,938880
2023-08-21,ENERGIA,88.42,90.38,88.04,89.95,1532263
2023-08-22,ENERGIA,89.95,92.33,89.33,90.65,1721227
2023-08-23,ENERGIA,90.65,91.85,90.31,90.92,1755221
2023-08-24,ENERGIA,90.92,94.25,90.71,92.65,1098465
2023-08-25,ENERGIA,92.65,94.82,92.07,93.48,443659
2023-08-28,ENERGIA,93.48,94.27,91.25,91.99,984821
2023-08-29,ENERGIA,91.99,92.54,89.68,90.52,1372375
2023-08-30,ENERGIA,90.52,90.6,88.41,90.05,863332
2023-08-31,ENERGIA,90.05,92.91,88.16,91.98,2071664
2023-09-01,ENERGIA,91.98,95.52,90.76,94.97,1164242
2023-09-04,ENERGIA,94.97,96.14,94.95,95.07,1111914
2023-09-05,ENERGIA,95.07,97.7,94.53,96.73,1713199
2023-09-06,ENERGIA,96.73,97.33,95.93,96.9,1535398
2023-09-07,ENERGIA,96.9,102.39,96.02,99.81,1096649
2023-09-08,ENERGIA,99.81,100.58,97.67,99.11,1931917
2023-09-11,ENERGIA,99.11,100.71,98.08,98.37,1904471
2023-09-12,ENERGIA,98.37,99.4,98.16,99.03,1779170
2023-09-13,ENERGIA,99.03,102.24,98.6,101.67,1655137
2023-09-14,ENERGIA,101.67,102.16,99.76,99.93,1635562
2023-09-15,ENERGIA,99.93,100.01,98.69,98.85,669168
2023-09-18,ENERGIA,98.85,98.92,97.25,98.09,554402
2023-09-19,ENERGIA,98.09,98.72,97.58,97.73,1847767
2023-09-20,ENERGIA,97.73,97.98,95.18,95.21,337375
2023-09-21,ENERGIA,95.21,96.04,94.7,95.29,1199348
2023-09-22,ENERGIA,95.29,96.07,92.49,92.71,1172246
2023-09-25,ENERGIA,92.71,93.77,91.33,93.77,2154016
2023-09-26,ENERGIA,93.77,95.3,92.63,94.64,1367661
2023-09-27,ENERGIA,94.64,94.84,94.54,94.75,1499296
2023-09-28,ENERGIA,94.75,95.13,93.07,93.52,831684
2023-09-29,ENERGIA,93.52,93.76,89.76,89.84,1439148
2023-10-02,ENERGIA,89.84,90.33,89.69,90.1,1317520
2023-10-03,ENERGIA,90.1,90.27,88.53,89.29,1116721
2023-10-04,ENERGIA,89.29,89.57,87.74,88.01,1671021
2023-10-05,ENERGIA,88.01,88.57,86.99,87.41,1985461
2023-10-06,ENERGIA,87.41,89.13,87.32,88.37,1743848
2023-10-09,ENERGIA,88.37,88.93,87.65,88.62,1272579
2023-10-10,ENERGIA,88.62,88.87,85.84,86.5,1837660
2023-10-11,ENERGIA,86.5,89.34,86.25,88.82,1680698
2023-10-12,ENERGIA,88.82,88.83,84.81,86.35,890887
2023-10-13,ENERGIA,86.35,87.03,85.58,86.67,1201656
2023-10-16,ENERGIA,86.67,88.97,86.28,88.12,1499053
2023-10-17,ENERGIA,88.12,89.19,87.64,88.06,1409372
2023-10-18,ENERGIA,88.06,88.07,86.66,87.43,1174549
2023-10-19,ENERGIA,87.43,88.16,84.54,84.69,2241749
2023-10-20,ENERGIA,84.69,86.09,84.0,84.12,1093639
2023-10-23,ENERGIA,84.12,84.73,83.61,84.05,1969448
2023-10-24,ENERGIA,84.05,85.32,83.18,83.71,1452564
2023-10-25,ENERGIA,83.71,83.8,82.84,83.35,2004902
2023-10-26,ENERGIA,83.35,84.3,83.2,83.77,1221375
2023-10-27,ENERGIA,83.77,84.12,82.88,83.87,1570247
2023-10-30,ENERGIA,83.87,84.26,83.61,83.79,1237827
2023-10-31,ENERGIA,83.79,84.44,82.39,82.73,2347178
2023-11-01,ENERGIA,82.73,83.13,81.12,81.17,1464480
2023-11-02,ENERGIA,81.17,83.88,79.63,82.21,988974
2023-11-03,ENERGIA,82.21,84.18,81.85,83.98,1356760
2023-11-06,ENERGIA,83.98,86.65,83.93,85.61,1422355
2023-11-07,ENERGIA,85.61,85.95,83.84,84.67,1024096
2023-11-08,ENERGIA,84.67,86.76,84.16,86.27,1459287
2023-11-09,ENERGIA,86.27,86.72,85.22,85.47,2000139
2023-11-10,ENERGIA,85.47,86.32,84.97,85.54,1299761
2023-11-13,ENERGIA,85.54,85.71,84.59,85.61,1583054
2023-11-14,ENERGIA,85.61,85.97,84.21,85.29,1884780
2023-11-15,ENERGIA,85.29,88.99,83.86,88.42,1325107
2023-11-16,ENERGIA,88.42,88.45,87.56,88.34,1728398
2023-11-17,ENERGIA,88.34,89.64,87.73,88.57,1581574
2023-11-20,ENERGIA,88.57,89.8,84.8,86.06,1816100
2023-11-21,ENERGIA,86.06,86.45,85.85,86.31,1400531
2023-11-22,ENERGIA,86.31,90.37,85.96,90.32,2423401
2023-11-23,ENERGIA,90.32,92.6,89.9,91.71,1506442
2023-11-24,ENERGIA,91.71,93.3,91.68,93.21,1517402
2023-11-27,ENERGIA,93.21,94.65,91.69,92.05,1627166
2023-11-28,ENERGIA,92.05,92.66,91.74,92.47,1890084
2023-11-29,ENERGIA,92.47,93.53,92.45,92.62,1633776
2023-11-30,ENERGIA,92.62,94.56,91.65,94.12,1759510
2023-12-01,ENERGIA,94.12,95.84,93.59,94.97,1727156
2023-12-04,ENERGIA,94.97,95.19,93.83,94.15,1788437
2023-12-05,ENERGIA,94.15,94.26,92.97,93.32,1273051
2023-12-06,ENERGIA,93.32,95.61,91.15,91.63,1203447
2023-12-07,ENERGIA,91.63,92.1,90.84,91.8,1884776
2023-12-08,ENERGIA,91.8,92.13,89.97,90.92,1562715
2023-12-11,ENERGIA,90.92,93.24,90.28,92.34,1812474
2023-12-12,ENERGIA,92.34,94.1,91.86,93.74,1166349
2023-12-13,ENERGIA,93.74,94.1,92.31,92.44,1199486
2023-12-14,ENERGIA,92.44,96.67,91.96,96.21,2306982
2023-12-15,ENERGIA,96.21,97.47,95.98,97.14,810343
2023-12-18,ENERGIA,97.14,99.91,96.72,99.43,1659598
2023-12-19,ENERGIA,99.43,100.36,98.73,98.76,1148566
2023-12-20,ENERGIA,98.76,99.86,94.71,95.96,1629130
2023-12-21,ENERGIA,95.96,96.48,95.13,96.11,1368877
2023-12-22,ENERGIA,96.11,98.78,95.63,98.36,1199460
2023-12-25,ENERGIA,98.36,99.51,95.47,97.46,1797880
2023-12-26,ENERGIA,97.46,97.92,97.12,97.74,1003329
2023-12-27,ENERGIA,97.74,99.07,94.66,96.17,1318592
2023-12-28,ENERGIA,96.17,97.77,95.98,97.02,1814154
2023-12-29,ENERGIA,97.02,98.23,94.59,94.87,1395315
2024-01-01,ENERGIA,94.87,95.54,91.89,93.37,1538838
2024-01-02,ENERGIA,93.37,94.44,91.89,92.45,1514182
2024-01-03,ENERGIA,92.45,92.74,90.84,92.16,2034814
2024-01-04,ENERGIA,92.16,92.51,89.08,89.73,1174483
2024-01-05,ENERGIA,89.73,95.1,89.01,93.4,1997223
2024-01-08,ENERGIA,93.4,94.01,91.38,91.9,1964978
2024-01-09,ENERGIA,91.9,92.94,91.72,92.4,2120877
2024-01-10,ENERGIA,92.4,95.53,91.89,95.04,1911775
2024-01-11,ENERGIA,95.04,95.56,92.9,93.5,1606545
2024-01-12,ENERGIA,93.5,94.96,91.82,94.04,1767639
2024-01-15,ENERGIA,94.04,94.06,93.0,93.7,1474901
2024-01-16,ENERGIA,93.7,94.05,91.94,92.92,1584157
2024-01-17,ENERGIA,92.92,94.78,92.63,93.15,1001309
2024-01-18,ENERGIA,93.15,93.24,90.32,90.32,1604123
2024-01-19,ENERGIA,90.32,90.51,87.27,87.74,2049392
2024-01-22,ENERGIA,87.74,88.38,85.47,86.28,830607
2024-01-23,ENERGIA,86.28,86.49,84.3,84.6,1200799
2024-01-24,ENERGIA,84.6,85.15,83.11,84.79,1781426
2024-01-25,ENERGIA,84.79,86.88,84.51,85.62,944495
2024-01-26,ENERGIA,85.62,86.11,84.6,84.74,1364400
2024-01-29,ENERGIA,84.74,87.03,83.89,85.96,1162046
2024-01-30,ENERGIA,85.96,86.15,85.05,85.42,1521368
2024-01-31,ENERGIA,85.42,88.8,85.15,87.99,1459639
2024-02-01,ENERGIA,87.99,89.28,87.02,88.16,1118971
2024-02-02,ENERGIA,88.16,90.38,87.75,88.8,594796
2024-02-05,ENERGIA,88.8,90.87,88.68,90.07,1532746
2024-02-06,ENERGIA,90.07,91.87,89.99,91.1,1663099
2024-02-07,ENERGIA,91.1,91.45,87.97,89.0,1188120
2024-02-08,ENERGIA,89.0,89.13,88.92,89.0,1826306
2024-02-09,ENERGIA,89.0,89.67,87.34,87.73,1280115
2024-02-12,ENERGIA,87.73,88.79,87.36,87.48,1233515
2024-02-13,ENERGIA,87.48,87.93,85.28,85.93,937386
2024-02-14,ENERGIA,85.93,86.67,85.93,86.0,743310
2024-02-15,ENERGIA,86.0,89.5,85.17,88.31,1428300
2024-02-16,ENERGIA,88.31,89.67,87.34,87.51,936708
2024-02-19,ENERGIA,87.51,88.63,86.07,87.21,804073
2024-02-20,ENERGIA,87.21,87.7,85.91,86.34,1387078
2024-02-21,ENERGIA,86.34,87.27,83.78,83.97,1537080
2024-02-22,ENERGIA,83.97,87.85,83.11,87.24,1134910
2024-02-23,ENERGIA,87.24,87.77,86.11,86.84,2069102
2024-02-26,ENERGIA,86.84,89.11,86.54,88.88,1120555
2024-02-27,ENERGIA,88.88,89.39,86.65,87.46,1417168
2024-02-28,ENERGIA,87.46,88.39,84.41,85.28,1310126
2024-02-29,ENERGIA,85.28,85.8,80.83,82.48,1705569
2024-03-01,ENERGIA,82.48,85.01,82.02,84.06,1587747
2024-03-04,ENERGIA,84.06,84.51,82.13,83.56,1986601
2024-03-05,ENERGIA,83.56,83.89,82.43,83.73,1004173
2024-03-06,ENERGIA,83.73,84.54,80.93,82.29,2364947
2024-03-07,ENERGIA,82.29,83.07,82.07,82.24,1263994
2024-03-08,ENERGIA,82.24,82.86,81.9,82.82,1490055
2024-03-11,ENERGIA,82.82,83.55,82.77,83.19,1302920
2024-03-12,ENERGIA,83.19,83.47,82.82,83.07,2111995
2024-03-13,ENERGIA,83.07,83.95,80.1,80.36,1814384
2024-03-14,ENERGIA,80.36,80.96,80.33,80.48,851470
2024-03-15,ENERGIA,80.48,81.93,79.42,80.85,1871600
2024-03-18,ENERGIA,80.85,81.97,80.76,81.42,2052406
2024-03-19,ENERGIA,81.42,81.59,80.29,80.91,2156659
2024-03-20,ENERGIA,80.91,81.67,79.2,79.49,1685152
2024-03-21,ENERGIA,79.49,79.95,77.77,78.13,1358491
2024-03-22,ENERGIA,78.13,78.67,75.44,76.25,1298781
2024-03-25,ENERGIA,76.25,77.32,75.04,76.39,1241366
2024-03-26,ENERGIA,76.39,76.57,76.01,76.3,620808
2024-03-27,ENERGIA,76.3,76.49,74.03,75.5,1198907
2024-03-28,ENERGIA,75.5,76.89,75.22,76.82,1449681
2024-03-29,ENERGIA,76.82,77.4,75.65,76.01,1030139
2024-04-01,ENERGIA,76.01,76.15,74.96,76.12,2048205
2024-04-02,ENERGIA,76.12,76.59,74.59,75.6,1494084
2024-04-03,ENERGIA,75.6,75.66,73.18,73.89,1276708
2024-04-04,ENERGIA,73.89,76.27,73.23,75.79,1770047
2024-04-05,ENERGIA,75.79,75.86,75.55,75.81,1883330
2024-04-08,ENERGIA,75.81,78.28,75.68,77.63,1703806
2024-04-09,ENERGIA,77.63,78.78,77.58,78.65,2341510
2024-04-10,ENERGIA,78.65,79.38,78.38,78.67,1248796
2024-04-11,ENERGIA,78.67,79.62,75.51,76.03,1342654
2024-04-12,ENERGIA,76.03,78.01,75.37,76.67,1437879
2024-04-15,ENERGIA,76.67,76.7,75.98,76.09,1434716
2024-04-16,ENERGIA,76.09,79.52,76.01,79.22,1845826
2024-04-17,ENERGIA,79.22,79.36,78.09,78.51,1563488
2024-04-18,ENERGIA,78.51,80.11,77.98,80.1,1702310
2024-04-19,ENERGIA,80.1,80.19,79.24,79.24,1713970
2024-04-22,ENERGIA,79.24,79.79,78.18,79.1,1714809
2024-04-23,ENERGIA,79.1,80.84,77.69,78.45,1322531
2024-04-24,ENERGIA,78.45,79.51,78.07,79.51,1588875
2024-04-25,ENERGIA,79.51,80.61,77.89,78.23,1038044
2024-04-26,ENERGIA,78.23,79.01,76.09,76.15,1184660
2024-04-29,ENERGIA,76.15,79.34,75.97,77.95,1023959
2024-04-30,ENERGIA,77.95,78.66,77.55,77.72,2138229
2024-05-01,ENERGIA,77.72,79.25,76.45,77.32,1715247
2024-05-02,ENERGIA,77.32,80.32,77.06,80.11,1449147
2024-05-03,ENERGIA,80.11,80.8,77.72,78.01,1080933
2024-05-06,ENERGIA,78.01,78.16,75.89,76.69,1446342
2024-05-07,ENERGIA,76.69,76.73,76.43,76.61,839235
2024-05-08,ENERGIA,76.61,77.16,75.26,75.29,1410823
2024-05-09,ENERGIA,75.29,75.78,75.01,75.1,1817481
2024-05-10,ENERGIA,75.1,76.33,74.79,75.56,1034501
2024-05-13,ENERGIA,75.56,76.08,75.26,75.79,1007620
2024-05-14,ENERGIA,75.79,77.08,75.63,76.91,1954016
2024-05-15,ENERGIA,76.91,77.87,75.29,75.47,1000620
2024-05-16,ENERGIA,75.47,78.38,74.64,77.27,1773447
2024-05-17,ENERGIA,77.27,81.16,77.1,80.74,1473407
2024-05-20,ENERGIA,80.74,82.15,80.61,81.99,1720337
2024-05-21,ENERGIA,81.99,83.46,81.64,83.01,1322377
2024-05-22,ENERGIA,83.01,83.45,77.96,79.25,1516593
2024-05-23,ENERGIA,79.25,79.26,78.31,78.88,1008199
2024-05-24,ENERGIA,78.88,79.85,77.84,79.82,926641
2024-05-27,ENERGIA,79.82,82.17,79.73,81.91,1818452
2024-05-28,ENERGIA,81.91,82.64,79.57,80.44,1686397
2024-05-29,ENERGIA,80.44,81.4,79.34,79.72,1485053
2024-05-30,ENERGIA,79.72,83.17,78.34,82.55,1219829
2024-05-31,ENERGIA,82.55,83.28,80.51,80.78,1483065
2024-06-03,ENERGIA,80.78,81.67,80.69,80.96,2523164
2024-06-04,ENERGIA,80.96,82.08,80.42,81.97,2202058
2024-06-05,ENERGIA,81.97,82.74,77.84,78.21,1411214
2024-06-06,ENERGIA,78.21,78.25,76.24,76.66,1732830
2024-06-07,ENERGIA,76.66,78.16,75.96,77.67,1436917
2024-06-10,ENERGIA,77.67,79.94,77.52,79.16,1790565
2024-06-11,ENERGIA,79.16,80.18,78.92,79.87,1272025
2024-06-12,ENERGIA,79.87,80.12,77.61,78.62,975518
2024-06-13,ENERGIA,78.62,78.96,77.87,78.07,1374327
2024-06-14,ENERGIA,78.07,80.03,76.68,79.4,936629
2024-06-17,ENERGIA,79.4,80.28,77.52,77.87,1365489
2024-06-18,ENERGIA,77.87,78.86,77.59,77.84,1519803
2024-06-19,ENERGIA,77.84,78.19,77.26,77.46,517461
2024-06-20,ENERGIA,77.46,78.76,75.76,76.77,719703
2024-06-21,ENERGIA,76.77,77.03,74.55,75.28,845271
2024-06-24,ENERGIA,75.28,77.22,74.67,76.18,2013558
2024-06-25,ENERGIA,76.18,77.3,75.0,75.45,1328105
2024-06-26,ENERGIA,75.45,75.63,73.52,73.73,1304133
2024-06-27,ENERGIA,73.73,73.83,73.31,73.46,1469319
2024-06-28,ENERGIA,73.46,74.03,72.23,73.09,1434873
2024-07-01,ENERGIA,73.09,74.91,72.99,74.4,1985247
2024-07-02,ENERGIA,74.4,74.66,73.5,74.5,1178091
2024-07-03,ENERGIA,74.5,75.68,73.1,73.67,1160721
2024-07-04,ENERGIA,73.67,75.6,73.29,75.24,934217
2024-07-05,ENERGIA,75.24,77.52,73.95,76.16,1415727
2024-07-08,ENERGIA,76.16,76.51,75.29,76.28,1580121
2024-07-09,ENERGIA,76.28,76.74,75.48,76.24,1584354
2024-07-10,ENERGIA,76.24,76.28,72.23,73.82,1732086
2024-07-11,ENERGIA,73.82,74.25,73.0,74.0,1304553
2024-07-12,ENERGIA,74.0,74.66,69.88,70.56,2175127
2024-07-15,ENERGIA,70.56,72.27,70.13,70.44,1921512
2024-07-16,ENERGIA,70.44,72.47,70.3,72.12,1911268
2024-07-17,ENERGIA,72.12,72.56,70.77,71.92,1256331
2024-07-18,ENERGIA,71.92,72.8,70.73,70.91,1942436
2024-07-19,ENERGIA,70.91,71.37,69.96,70.95,1878899
2024-07-22,ENERGIA,70.95,72.53,70.33,71.71,1414946
2024-07-23,ENERGIA,71.71,72.06,71.12,71.41,1122791
2024-07-24,ENERGIA,71.41,72.4,70.8,72.1,1077761
2024-07-25,ENERGIA,72.1,72.44,71.2,72.32,1670831
2024-07-26,ENERGIA,72.32,72.39,71.25,71.84,1958985
2024-07-29,ENERGIA,71.84,71.87,70.72,70.99,1803130
2024-07-30,ENERGIA,70.99,71.99,70.73,71.97,1436967
2024-07-31,ENERGIA,71.97,72.48,69.29,69.86,2188928
2024-08-01,ENERGIA,69.86,69.91,68.17,68.46,1169466
2024-08-02,ENERGIA,68.46,68.49,67.85,68.1,1695961
2024-08-05,ENERGIA,68.1,68.66,67.07,67.88,1500960
2024-08-06,ENERGIA,67.88,68.95,67.18,68.44,1542927
2024-08-07,ENERGIA,68.44,70.17,68.01,69.3,2455844
2024-08-08,ENERGIA,69.3,71.34,68.72,71.25,1376690
2024-08-09,ENERGIA,71.25,72.13,70.42,71.67,1578898
2024-08-12,ENERGIA,71.67,71.72,68.18,68.76,1782932
2024-08-13,ENERGIA,68.76,70.52,68.72,70.27,1593587
2024-08-14,ENERGIA,70.27,72.35,68.95,70.47,1614054
2024-08-15,ENERGIA,70.47,70.98,69.53,70.43,2189596
2024-08-16,ENERGIA,70.43,72.79,69.86,71.55,1434906
2024-08-19,ENERGIA,71.55,72.44,71.17,72.38,1154270
2024-08-20,ENERGIA,72.38,73.28,71.94,72.72,1400710
2024-08-21,ENERGIA,72.72,73.01,71.61,72.99,1261249
2024-08-22,ENERGIA,72.99,74.15,72.67,73.11,1829089
2024-08-23,ENERGIA,73.11,73.58,71.58,71.62,1673371
2024-08-26,ENERGIA,71.62,71.66,69.09,70.64,1244506
2024-08-27,ENERGIA,70.64,72.61,70.01,72.38,1531251
2024-08-28,ENERGIA,72.38,72.55,71.38,72.0,1817473
2024-08-29,ENERGIA,72.0,72.72,71.87,72.55,1476590
2024-08-30,ENERGIA,72.55,75.31,72.08,74.2,1487200
2024-09-02,ENERGIA,74.2,75.96,73.68,74.9,1338113
2024-09-03,ENERGIA,74.9,77.87,74.24,76.84,1028655
2024-09-04,ENERGIA,76.84,79.1,75.57,78.27,1466629
2024-09-05,ENERGIA,78.27,78.9,78.14,78.86,1968317
2024-09-06,ENERGIA,78.86,79.28,77.97,78.05,1513775
2024-09-09,ENERGIA,78.05,78.18,76.82,77.67,1486256
2024-09-10,ENERGIA,77.67,79.85,77.19,79.64,1126127
2024-09-11,ENERGIA,79.64,80.32,78.42,78.78,1463490
2024-09-12,ENERGIA,78.78,79.78,78.42,78.88,1452191
2024-09-13,ENERGIA,78.88,79.36,78.39,78.63,1424343
2024-09-16,ENERGIA,78.63,79.99,78.24,78.73,1848670
2024-09-17,ENERGIA,78.73,79.95,76.42,77.6,1141243
2024-09-18,ENERGIA,77.6,78.31,74.8,75.19,880841
2024-09-19,ENERGIA,75.19,75.22,73.96,74.54,1723122
2024-09-20,ENERGIA,74.54,76.75,74.13,75.19,1134384
2024-09-23,ENERGIA,75.19,76.61,74.97,75.12,1798920
2024-09-24,ENERGIA,75.12,77.02,73.68,76.48,885181
2024-09-25,ENERGIA,76.48,77.26,75.26,76.53,1063566
2024-09-26,ENERGIA,76.53,76.8,75.27,75.5,1541395
2024-09-27,ENERGIA,75.5,75.62,74.37,74.41,1121160
2024-09-30,ENERGIA,74.41,76.88,74.07,75.87,1849652
2024-10-01,ENERGIA,75.87,79.9,75.4,79.1,1794067
2024-10-02,ENERGIA,79.1,79.32,77.53,77.96,976519
2024-10-03,ENERGIA,77.96,78.29,77.01,77.43,821929
2024-10-04,ENERGIA,77.43,79.69,75.86,79.1,2129288
2024-10-07,ENERGIA,79.1,79.5,77.54,78.3,1538202
2024-10-08,ENERGIA,78.3,79.04,76.66,76.97,911095
2024-10-09,ENERGIA,76.97,77.04,75.72,75.88,2130657
2024-10-10,ENERGIA,75.88,76.17,75.66,76.15,1808571
2024-10-11,ENERGIA,76.15,77.15,75.87,75.89,1289230
2024-10-14,ENERGIA,75.89,77.46,75.0,75.16,1284126
2024-10-15,ENERGIA,75.16,75.57,73.96,73.98,1976183
2024-10-16,ENERGIA,73.98,75.17,73.75,74.23,951494
2024-10-17,ENERGIA,74.23,77.41,74.05,76.26,2314907
2024-10-18,ENERGIA,76.26,79.16,76.16,78.34,1468208
2024-10-21,ENERGIA,78.34,78.56,77.63,77.84,1910770
2024-10-22,ENERGIA,77.84,79.84,77.82,77.99,1665625
2024-10-23,ENERGIA,77.99,78.56,77.56,78.29,896729
2024-10-24,ENERGIA,78.29,78.53,74.94,75.04,1272639
2024-10-25,ENERGIA,75.04,77.83,74.7,76.74,1829515
2024-10-28,ENERGIA,76.74,76.89,74.16,74.34,2016033
2024-10-29,ENERGIA,74.34,78.45,73.62,76.38,1168742
2024-10-30,ENERGIA,76.38,80.04,75.84,78.16,1431236
2024-10-31,ENERGIA,78.16,80.09,77.54,80.04,2358937
2024-11-01,ENERGIA,80.04,81.52,79.6,80.07,1860258
2024-11-04,ENERGIA,80.07,84.13,79.39,82.6,1332962
2024-11-05,ENERGIA,82.6,82.78,81.41,81.42,1147614
2024-11-06,ENERGIA,81.42,81.65,78.19,79.07,1539918
2024-11-07,ENERGIA,79.07,79.98,78.35,78.88,1318773
2024-11-08,ENERGIA,78.88,79.11,75.94,76.68,967357
2024-11-11,ENERGIA,76.68,77.62,76.03,77.55,914105
2024-11-12,ENERGIA,77.55,78.02,76.77,77.11,1870109
2024-11-13,ENERGIA,77.11,78.39,76.95,77.56,1521739
2024-11-14,ENERGIA,77.56,78.44,77.42,77.81,2085870
2024-11-15,ENERGIA,77.81,78.73,74.72,75.94,1269089
2024-11-18,ENERGIA,75.94,76.39,73.73,74.64,2250681
2024-11-19,ENERGIA,74.64,76.62,74.37,75.62,1161047
2024-11-20,ENERGIA,75.62,76.72,73.65,74.48,2063108
2024-11-21,ENERGIA,74.48,76.66,74.4,74.98,1369029
2024-11-22,ENERGIA,74.98,75.87,74.55,75.17,1492512
2024-11-25,ENERGIA,75.17,75.52,73.29,74.45,1819123
2024-11-26,ENERGIA,74.45,75.24,72.87,73.81,1935263
2024-11-27,ENERGIA,73.81,74.81,73.3,73.43,1879315
2024-11-28,ENERGIA,73.43,74.56,72.62,73.98,798023
2024-11-29,ENERGIA,73.98,74.85,73.86,74.69,1240406
2024-12-02,ENERGIA,74.69,78.44,74.59,77.45,1315222
2024-12-03,ENERGIA,77.45,78.11,77.07,77.9,1450011
2024-12-04,ENERGIA,77.9,81.04,76.75,79.66,1690467
2024-12-05,ENERGIA,79.66,84.34,79.49,83.36,872971
2024-12-06,ENERGIA,83.36,86.49,83.04,86.22,1489125
2024-12-09,ENERGIA,86.22,87.7,85.68,87.46,1047978
2024-12-10,ENERGIA,87.46,87.54,87.08,87.33,1926757
2024-12-11,ENERGIA,87.33,88.6,86.73,87.02,1304625
2024-12-12,ENERGIA,87.02,88.37,85.94,87.9,1936399
2024-12-13,ENERGIA,87.9,89.01,87.71,88.86,1635285
2024-12-16,ENERGIA,88.86,89.87,88.35,89.41,1124382
2024-12-17,ENERGIA,89.41,92.23,88.58,92.1,1119187
2024-12-18,ENERGIA,92.1,96.33,91.93,95.92,1260071
2024-12-19,ENERGIA,95.92,99.77,95.89,98.88,948273
2024-12-20,ENERGIA,98.88,100.74,97.65,99.03,1787827
2024-12-23,ENERGIA,99.03,99.72,96.97,97.87,1307536
2024-12-24,ENERGIA,97.87,99.84,96.74,99.22,1835561
2024-12-25,ENERGIA,99.22,99.91,97.72,98.47,1561640
2024-12-26,ENERGIA,98.47,98.69,98.42,98.55,1809742
2024-12-27,ENERGIA,98.55,99.95,97.14,98.25,1541139
2024-12-30,ENERGIA,98.25,99.53,95.35,96.64,910020
2024-12-31,ENERGIA,96.64,97.42,96.18,96.89,1571895
